节点ID,节点类型,节点名称,来源模态,device_id,line_no,time,target_id,local_target_id,model,target_type,longitude,latitude,altitude_m,speed_mps,signal_db,confidence,similarity,属性
dev_radar_1,设备,radar设备1,radar,1.0,,,,,,,,,,,,,,"{""device_id"":1}"
obs_radar_l1,观测帧,radar观测帧1,radar,,1.0,2026-04-14T12:46:30+08:00,,,,,,,,,,,,"{""line_no"":1,""line_time_beijing"":""2026-04-14T12:46:30+08:00"",""obs_time_beijing"":""2026-04-14T20:46:28.275000+08:00"",""obs_time_ms"":1776170788275,""record_type"":""target""}"
tw_20260414_124630,时间窗口,tw_20260414_124630,system,,,,,,,,,,,,,,,"{""time_window_id"":""tw_20260414_124630""}"
tgt_radar_l1_t29,轨迹点,轨迹点:20:44:07 h=752m v=7.40m/s,radar,,1.0,2026-04-14T12:46:30+08:00,,29.0,,bird,,,,,,,,"{""record_id"":""radar_l1_t29"",""line_no"":1,""line_time_beijing"":""2026-04-14T12:46:30+08:00"",""obs_time_beijing"":""2026-04-14T20:44:07.478000+08:00"",""local_target_id"":""29"",""local_track_id"":""track_radar_29"",""global_identity"":null,""target_type"":""bird"",""target_type_code"":5,""model"":null,""quality"":{""alarm_level"":0,""is_white_list"":false,""trusted_for_fusion"":true,""trust_reason"":null,""magic_ok"":true,""length_ok"":true,""snr"":3.5179624557495117,""confidence"":null,""similarity"":null,""report_count"":41.0}}"
trk_track_radar_29,单设备轨迹,track_radar_29,radar,,,,,,,,,,,,,,,"{""local_track_id"":""track_radar_29""}"
cls_bird,类别语义,类别:bird,system,,,,,,,bird,,,,,,,,"{""target_type"":""bird""}"
loc_radar_l1_t29,空间位置,"位置:112.753737,28.125280,752m",radar,,,,,,,,112.75373668612951,28.125279878699757,752.025390625,,,,,"{""longitude"":112.75373668612953,""latitude"":28.125279878699754,""altitude_m"":752.025390625,""relative_height_m"":null,""distance_m"":5382.8701171875,""azimuth_deg"":286.83837890625,""pitch_deg"":7.571000099182129}"
mot_radar_l1_t29,运动特征,运动:v=7.40m/s heading=15.6deg,radar,,,,,,,,,,,7.401315689086914,,,,"{""speed_mps"":7.401315689086914,""heading_deg"":15.6395263671875,""vx_mps"":1.2812283039093018,""vy_mps"":0.35867834091186523,""vz_mps"":-15.631917953491211,""ve_mps"":null,""vn_mps"":null,""vu_mps"":null,""vx"":null,""vy"":null,""physical_vx"":null,""physical_vy"":null,""move_direction"":null}"
tgt_radar_l1_t58,轨迹点,轨迹点:20:44:52 h=422m v=4.44m/s,radar,,1.0,2026-04-14T12:46:30+08:00,,58.0,,bird,,,,,,,,"{""record_id"":""radar_l1_t58"",""line_no"":1,""line_time_beijing"":""2026-04-14T12:46:30+08:00"",""obs_time_beijing"":""2026-04-14T20:44:52.828000+08:00"",""local_target_id"":""58"",""local_track_id"":""track_radar_58"",""global_identity"":null,""target_type"":""bird"",""target_type_code"":5,""model"":null,""quality"":{""alarm_level"":0,""is_white_list"":false,""trusted_for_fusion"":true,""trust_reason"":null,""magic_ok"":true,""length_ok"":true,""snr"":1.7821356058120728,""confidence"":null,""similarity"":null,""report_count"":28.0}}"
trk_track_radar_58,单设备轨迹,track_radar_58,radar,,,,,,,,,,,,,,,"{""local_track_id"":""track_radar_58""}"
loc_radar_l1_t58,空间位置,"位置:112.765617,28.125826,422m",radar,,,,,,,,112.76561677848916,28.125825646646664,421.5779113769531,,,,,"{""longitude"":112.76561677848916,""latitude"":28.125825646646664,""altitude_m"":421.5779113769531,""relative_height_m"":null,""distance_m"":4304.12451171875,""azimuth_deg"":292.0999450683594,""pitch_deg"":5.111556053161621}"
mot_radar_l1_t58,运动特征,运动:v=4.44m/s heading=-4.1deg,radar,,,,,,,,,,,4.440789222717285,,,,"{""speed_mps"":4.440789222717285,""heading_deg"":-4.137426376342773,""vx_mps"":6.606966495513916,""vy_mps"":-0.4779313802719116,""vz_mps"":2.887838363647461,""ve_mps"":null,""vn_mps"":null,""vu_mps"":null,""vx"":null,""vy"":null,""physical_vx"":null,""physical_vy"":null,""move_direction"":null}"
tgt_radar_l1_t71,轨迹点,轨迹点:20:45:23 h=166m v=2.96m/s,radar,,1.0,2026-04-14T12:46:30+08:00,,71.0,,bird,,,,,,,,"{""record_id"":""radar_l1_t71"",""line_no"":1,""line_time_beijing"":""2026-04-14T12:46:30+08:00"",""obs_time_beijing"":""2026-04-14T20:45:23.965000+08:00"",""local_target_id"":""71"",""local_track_id"":""track_radar_71"",""global_identity"":null,""target_type"":""bird"",""target_type_code"":5,""model"":null,""quality"":{""alarm_level"":1,""is_white_list"":false,""trusted_for_fusion"":true,""trust_reason"":null,""magic_ok"":true,""length_ok"":true,""snr"":7.237457275390625,""confidence"":null,""similarity"":null,""report_count"":20.0}}"
trk_track_radar_71,单设备轨迹,track_radar_71,radar,,,,,,,,,,,,,,,"{""local_track_id"":""track_radar_71""}"
loc_radar_l1_t71,空间位置,"位置:112.793857,28.109982,166m",radar,,,,,,,,112.79385747252633,28.10998198215866,166.4500274658203,,,,,"{""longitude"":112.79385747252631,""latitude"":28.10998198215866,""altitude_m"":166.4500274658203,""relative_height_m"":null,""distance_m"":1228.3775634765625,""azimuth_deg"":263.59002685546875,""pitch_deg"":6.0356292724609375}"
mot_radar_l1_t71,运动特征,运动:v=2.96m/s heading=103.3deg,radar,,,,,,,,,,,2.96052622795105,,,,"{""speed_mps"":2.96052622795105,""heading_deg"":103.29367065429688,""vx_mps"":-2.414402961730957,""vy_mps"":10.218689918518066,""vz_mps"":-4.266493320465088,""ve_mps"":null,""vn_mps"":null,""vu_mps"":null,""vx"":null,""vy"":null,""physical_vx"":null,""physical_vy"":null,""move_direction"":null}"
tgt_radar_l1_t74,轨迹点,轨迹点:20:45:27 h=233m v=5.92m/s,radar,,1.0,2026-04-14T12:46:30+08:00,,74.0,,bird,,,,,,,,"{""record_id"":""radar_l1_t74"",""line_no"":1,""line_time_beijing"":""2026-04-14T12:46:30+08:00"",""obs_time_beijing"":""2026-04-14T20:45:27.490000+08:00"",""local_target_id"":""74"",""local_track_id"":""track_radar_74"",""global_identity"":null,""target_type"":""bird"",""target_type_code"":5,""model"":null,""quality"":{""alarm_level"":4,""is_white_list"":false,""trusted_for_fusion"":true,""trust_reason"":null,""magic_ok"":true,""length_ok"":true,""snr"":25.061626434326172,""confidence"":null,""similarity"":null,""report_count"":19.0}}"
trk_track_radar_74,单设备轨迹,track_radar_74,radar,,,,,,,,,,,,,,,"{""local_track_id"":""track_radar_74""}"
loc_radar_l1_t74,空间位置,"位置:112.790094,28.106253,233m",radar,,,,,,,,112.79009359986874,28.106253311510866,233.396484375,,,,,"{""longitude"":112.79009359986874,""latitude"":28.106253311510866,""altitude_m"":233.396484375,""relative_height_m"":null,""distance_m"":1682.201171875,""azimuth_deg"":250.9046173095703,""pitch_deg"":6.673566818237305}"
mot_radar_l1_t74,运动特征,运动:v=5.92m/s heading=147.7deg,radar,,,,,,,,,,,5.9210524559021,,,,"{""speed_mps"":5.9210524559021,""heading_deg"":147.71054077148438,""vx_mps"":-6.91100549697876,""vy_mps"":4.367176532745361,""vz_mps"":0.9609534740447998,""ve_mps"":null,""vn_mps"":null,""vu_mps"":null,""vx"":null,""vy"":null,""physical_vx"":null,""physical_vy"":null,""move_direction"":null}"
tgt_radar_l1_t75,轨迹点,轨迹点:20:45:28 h=162m v=11.84m/s,radar,,1.0,2026-04-14T12:46:30+08:00,,75.0,,bird,,,,,,,,"{""record_id"":""radar_l1_t75"",""line_no"":1,""line_time_beijing"":""2026-04-14T12:46:30+08:00"",""obs_time_beijing"":""2026-04-14T20:45:28.258000+08:00"",""local_target_id"":""75"",""local_track_id"":""track_radar_75"",""global_identity"":null,""target_type"":""bird"",""target_type_code"":5,""model"":null,""quality"":{""alarm_level"":1,""is_white_list"":false,""trusted_for_fusion"":true,""trust_reason"":null,""magic_ok"":true,""length_ok"":true,""snr"":4.905200958251953,""confidence"":null,""similarity"":null,""report_count"":18.0}}"
trk_track_radar_75,单设备轨迹,track_radar_75,radar,,,,,,,,,,,,,,,"{""local_track_id"":""track_radar_75""}"
loc_radar_l1_t75,空间位置,"位置:112.799076,28.115958,162m",radar,,,,,,,,112.7990758334066,28.115957744833853,162.0523681640625,,,,,"{""longitude"":112.79907583340659,""latitude"":28.115957744833853,""altitude_m"":162.0523681640625,""relative_height_m"":null,""distance_m"":882.4397583007812,""azimuth_deg"":306.5143737792969,""pitch_deg"":8.093164443969727}"
mot_radar_l1_t75,运动特征,运动:v=11.84m/s heading=156.9deg,radar,,,,,,,,,,,11.8421049118042,,,,"{""speed_mps"":11.8421049118042,""heading_deg"":156.90463256835938,""vx_mps"":-13.04456901550293,""vy_mps"":5.5627312660217285,""vz_mps"":0.631804347038269,""ve_mps"":null,""vn_mps"":null,""vu_mps"":null,""vx"":null,""vy"":null,""physical_vx"":null,""physical_vy"":null,""move_direction"":null}"
tgt_radar_l1_t79,轨迹点,轨迹点:20:45:33 h=419m v=5.92m/s,radar,,1.0,2026-04-14T12:46:30+08:00,,79.0,,bird,,,,,,,,"{""record_id"":""radar_l1_t79"",""line_no"":1,""line_time_beijing"":""2026-04-14T12:46:30+08:00"",""obs_time_beijing"":""2026-04-14T20:45:33.972000+08:00"",""local_target_id"":""79"",""local_track_id"":""track_radar_79"",""global_identity"":null,""target_type"":""bird"",""target_type_code"":5,""model"":null,""quality"":{""alarm_level"":0,""is_white_list"":false,""trusted_for_fusion"":true,""trust_reason"":null,""magic_ok"":true,""length_ok"":true,""snr"":2.7565581798553467,""confidence"":null,""similarity"":null,""report_count"":17.0}}"
trk_track_radar_79,单设备轨迹,track_radar_79,radar,,,,,,,,,,,,,,,"{""local_track_id"":""track_radar_79""}"
loc_radar_l1_t79,空间位置,"位置:112.805896,28.084039,419m",radar,,,,,,,,112.80589602462535,28.084039416663504,419.1423950195313,,,,,"{""longitude"":112.80589602462537,""latitude"":28.084039416663504,""altitude_m"":419.14239501953125,""relative_height_m"":null,""distance_m"":3012.510009765625,""azimuth_deg"":180.7769012451172,""pitch_deg"":7.237510681152344}"
mot_radar_l1_t79,运动特征,运动:v=5.92m/s heading=90.9deg,radar,,,,,,,,,,,5.9210524559021,,,,"{""speed_mps"":5.9210524559021,""heading_deg"":90.9087142944336,""vx_mps"":-0.12047195434570312,""vy_mps"":7.595340251922607,""vz_mps"":-12.25887393951416,""ve_mps"":null,""vn_mps"":null,""vu_mps"":null,""vx"":null,""vy"":null,""physical_vx"":null,""physical_vy"":null,""move_direction"":null}"
tgt_radar_l1_t80,轨迹点,轨迹点:20:45:33 h=180m v=5.92m/s,radar,,1.0,2026-04-14T12:46:30+08:00,,80.0,,bird,,,,,,,,"{""record_id"":""radar_l1_t80"",""line_no"":1,""line_time_beijing"":""2026-04-14T12:46:30+08:00"",""obs_time_beijing"":""2026-04-14T20:45:33.974000+08:00"",""local_target_id"":""80"",""local_track_id"":""track_radar_80"",""global_identity"":null,""target_type"":""bird"",""target_type_code"":5,""model"":null,""quality"":{""alarm_level"":0,""is_white_list"":false,""trusted_for_fusion"":true,""trust_reason"":null,""magic_ok"":true,""length_ok"":true,""snr"":2.403120517730713,""confidence"":null,""similarity"":null,""report_count"":17.0}}"
trk_track_radar_80,单设备轨迹,track_radar_80,radar,,,,,,,,,,,,,,,"{""local_track_id"":""track_radar_80""}"
loc_radar_l1_t80,空间位置,"位置:112.803936,28.074071,180m",radar,,,,,,,,112.80393605516522,28.074071179418308,179.533203125,,,,,"{""longitude"":112.80393605516522,""latitude"":28.074071179418308,""altitude_m"":179.533203125,""relative_height_m"":null,""distance_m"":4123.52587890625,""azimuth_deg"":183.23928833007812,""pitch_deg"":1.9856570959091187}"
mot_radar_l1_t80,运动特征,运动:v=5.92m/s heading=155.9deg,radar,,,,,,,,,,,5.9210524559021,,,,"{""speed_mps"":5.9210524559021,""heading_deg"":155.9003448486328,""vx_mps"":-20.109405517578125,""vy_mps"":8.995223045349121,""vz_mps"":-5.234146595001221,""ve_mps"":null,""vn_mps"":null,""vu_mps"":null,""vx"":null,""vy"":null,""physical_vx"":null,""physical_vy"":null,""move_direction"":null}"
tgt_radar_l1_t81,轨迹点,轨迹点:20:45:34 h=230m v=1.48m/s,radar,,1.0,2026-04-14T12:46:30+08:00,,81.0,,bird,,,,,,,,"{""record_id"":""radar_l1_t81"",""line_no"":1,""line_time_beijing"":""2026-04-14T12:46:30+08:00"",""obs_time_beijing"":""2026-04-14T20:45:34.091000+08:00"",""local_target_id"":""81"",""local_track_id"":""track_radar_81"",""global_identity"":null,""target_type"":""bird"",""target_type_code"":5,""model"":null,""quality"":{""alarm_level"":0,""is_white_list"":false,""trusted_for_fusion"":true,""trust_reason"":null,""magic_ok"":true,""length_ok"":true,""snr"":4.101625442504883,""confidence"":null,""similarity"":null,""report_count"":17.0}}"
trk_track_radar_81,单设备轨迹,track_radar_81,radar,,,,,,,,,,,,,,,"{""local_track_id"":""track_radar_81""}"
loc_radar_l1_t81,空间位置,"位置:112.797856,28.072285,230m",radar,,,,,,,,112.79785572720742,28.07228532747661,230.12667846679688,,,,,"{""longitude"":112.79785572720742,""latitude"":28.07228532747661,""altitude_m"":230.12667846679688,""relative_height_m"":null,""distance_m"":4393.763671875,""azimuth_deg"":190.87728881835938,""pitch_deg"":2.5223968029022217}"
mot_radar_l1_t81,运动特征,运动:v=1.48m/s heading=168.3deg,radar,,,,,,,,,,,1.480263113975525,,,,"{""speed_mps"":1.480263113975525,""heading_deg"":168.3043212890625,""vx_mps"":-24.090396881103516,""vy_mps"":4.986990928649902,""vz_mps"":-5.574622631072998,""ve_mps"":null,""vn_mps"":null,""vu_mps"":null,""vx"":null,""vy"":null,""physical_vx"":null,""physical_vy"":null,""move_direction"":null}"
tgt_radar_l1_t87,轨迹点,轨迹点:20:45:48 h=299m v=14.80m/s,radar,,1.0,2026-04-14T12:46:30+08:00,,87.0,,bird,,,,,,,,"{""record_id"":""radar_l1_t87"",""line_no"":1,""line_time_beijing"":""2026-04-14T12:46:30+08:00"",""obs_time_beijing"":""2026-04-14T20:45:48.807000+08:00"",""local_target_id"":""87"",""local_track_id"":""track_radar_87"",""global_identity"":null,""target_type"":""bird"",""target_type_code"":5,""model"":null,""quality"":{""alarm_level"":1,""is_white_list"":false,""trusted_for_fusion"":true,""trust_reason"":null,""magic_ok"":true,""length_ok"":true,""snr"":19.694110870361328,""confidence"":null,""similarity"":null,""report_count"":13.0}}"
trk_track_radar_87,单设备轨迹,track_radar_87,radar,,,,,,,,,,,,,,,"{""local_track_id"":""track_radar_87""}"
loc_radar_l1_t87,空间位置,"位置:112.793137,28.111881,299m",radar,,,,,,,,112.79313681423136,28.111880775736285,298.6061706542969,,,,,"{""longitude"":112.79313681423135,""latitude"":28.111880775736285,""altitude_m"":298.6061706542969,""relative_height_m"":null,""distance_m"":1293.3837890625,""azimuth_deg"":273.24884033203125,""pitch_deg"":11.452957153320312}"
mot_radar_l1_t87,运动特征,运动:v=14.80m/s heading=3.2deg,radar,,,,,,,,,,,14.802631378173828,,,,"{""speed_mps"":14.802631378173828,""heading_deg"":3.1685659885406494,""vx_mps"":12.379359245300293,""vy_mps"":0.6853009462356567,""vz_mps"":0.38654598593711853,""ve_mps"":null,""vn_mps"":null,""vu_mps"":null,""vx"":null,""vy"":null,""physical_vx"":null,""physical_vy"":null,""move_direction"":null}"
tgt_radar_l1_t88,轨迹点,轨迹点:20:45:53 h=560m v=7.40m/s,radar,,1.0,2026-04-14T12:46:30+08:00,,88.0,,bird,,,,,,,,"{""record_id"":""radar_l1_t88"",""line_no"":1,""line_time_beijing"":""2026-04-14T12:46:30+08:00"",""obs_time_beijing"":""2026-04-14T20:45:53.204000+08:00"",""local_target_id"":""88"",""local_track_id"":""track_radar_88"",""global_identity"":null,""target_type"":""bird"",""target_type_code"":5,""model"":null,""quality"":{""alarm_level"":0,""is_white_list"":false,""trusted_for_fusion"":true,""trust_reason"":null,""magic_ok"":true,""length_ok"":true,""snr"":3.378905773162842,""confidence"":null,""similarity"":null,""report_count"":11.0}}"
trk_track_radar_88,单设备轨迹,track_radar_88,radar,,,,,,,,,,,,,,,"{""local_track_id"":""track_radar_88""}"
loc_radar_l1_t88,空间位置,"位置:112.819478,28.176921,560m",radar,,,,,,,,112.81947799604674,28.176920819199523,560.108642578125,,,,,"{""longitude"":112.81947799604674,""latitude"":28.176920819199523,""altitude_m"":560.108642578125,""relative_height_m"":null,""distance_m"":7394.57958984375,""azimuth_deg"":10.042765617370605,""pitch_deg"":4.049801826477051}"
mot_radar_l1_t88,运动特征,运动:v=7.40m/s heading=-170.8deg,radar,,,,,,,,,,,7.401315689086914,,,,"{""speed_mps"":7.401315689086914,""heading_deg"":-170.76612854003906,""vx_mps"":-11.265832901000977,""vy_mps"":-1.831502079963684,""vz_mps"":17.090110778808594,""ve_mps"":null,""vn_mps"":null,""vu_mps"":null,""vx"":null,""vy"":null,""physical_vx"":null,""physical_vy"":null,""move_direction"":null}"
tgt_radar_l1_t89,轨迹点,轨迹点:20:45:53 h=345m v=11.84m/s,radar,,1.0,2026-04-14T12:46:30+08:00,,89.0,,bird,,,,,,,,"{""record_id"":""radar_l1_t89"",""line_no"":1,""line_time_beijing"":""2026-04-14T12:46:30+08:00"",""obs_time_beijing"":""2026-04-14T20:45:53.620000+08:00"",""local_target_id"":""89"",""local_track_id"":""track_radar_89"",""global_identity"":null,""target_type"":""bird"",""target_type_code"":5,""model"":null,""quality"":{""alarm_level"":1,""is_white_list"":false,""trusted_for_fusion"":true,""trust_reason"":null,""magic_ok"":true,""length_ok"":true,""snr"":6.730772018432617,""confidence"":null,""similarity"":null,""report_count"":11.0}}"
trk_track_radar_89,单设备轨迹,track_radar_89,radar,,,,,,,,,,,,,,,"{""local_track_id"":""track_radar_89""}"
loc_radar_l1_t89,空间位置,"位置:112.813459,28.119083,345m",radar,,,,,,,,112.8134587440616,28.11908332341563,345.3786926269531,,,,,"{""longitude"":112.81345874406159,""latitude"":28.11908332341563,""altitude_m"":345.3786926269531,""relative_height_m"":null,""distance_m"":1117.9737548828125,""azimuth_deg"":38.7852668762207,""pitch_deg"":15.441311836242676}"
mot_radar_l1_t89,运动特征,运动:v=11.84m/s heading=53.2deg,radar,,,,,,,,,,,11.8421049118042,,,,"{""speed_mps"":11.8421049118042,""heading_deg"":53.233463287353516,""vx_mps"":9.706329345703125,""vy_mps"":12.99052906036377,""vz_mps"":-0.8948732614517212,""ve_mps"":null,""vn_mps"":null,""vu_mps"":null,""vx"":null,""vy"":null,""physical_vx"":null,""physical_vy"":null,""move_direction"":null}"
tgt_radar_l1_t94,轨迹点,轨迹点:20:46:07 h=117m v=7.40m/s,radar,,1.0,2026-04-14T12:46:30+08:00,,94.0,,bird,,,,,,,,"{""record_id"":""radar_l1_t94"",""line_no"":1,""line_time_beijing"":""2026-04-14T12:46:30+08:00"",""obs_time_beijing"":""2026-04-14T20:46:07.580000+08:00"",""local_target_id"":""94"",""local_track_id"":""track_radar_94"",""global_identity"":null,""target_type"":""bird"",""target_type_code"":5,""model"":null,""quality"":{""alarm_level"":1,""is_white_list"":false,""trusted_for_fusion"":true,""trust_reason"":null,""magic_ok"":true,""length_ok"":true,""snr"":16.924053192138672,""confidence"":null,""similarity"":null,""report_count"":7.0}}"
trk_track_radar_94,单设备轨迹,track_radar_94,radar,,,,,,,,,,,,,,,"{""local_track_id"":""track_radar_94""}"
loc_radar_l1_t94,空间位置,"位置:112.814580,28.118290,117m",radar,,,,,,,,112.81458031591174,28.11828982101226,116.61077117919922,,,,,"{""longitude"":112.81458031591174,""latitude"":28.11828982101226,""altitude_m"":116.61077117919922,""relative_height_m"":null,""distance_m"":1127.1087646484375,""azimuth_deg"":45.959537506103516,""pitch_deg"":4.061997413635254}"
mot_radar_l1_t94,运动特征,运动:v=7.40m/s heading=54.0deg,radar,,,,,,,,,,,7.401315689086914,,,,"{""speed_mps"":7.401315689086914,""heading_deg"":53.96980285644531,""vx_mps"":2.2337396144866943,""vy_mps"":3.0710737705230713,""vz_mps"":-0.05896139144897461,""ve_mps"":null,""vn_mps"":null,""vu_mps"":null,""vx"":null,""vy"":null,""physical_vx"":null,""physical_vy"":null,""move_direction"":null}"
tgt_radar_l1_t95,轨迹点,轨迹点:20:46:12 h=288m v=2.96m/s,radar,,1.0,2026-04-14T12:46:30+08:00,,95.0,,bird,,,,,,,,"{""record_id"":""radar_l1_t95"",""line_no"":1,""line_time_beijing"":""2026-04-14T12:46:30+08:00"",""obs_time_beijing"":""2026-04-14T20:46:12.236000+08:00"",""local_target_id"":""95"",""local_track_id"":""track_radar_95"",""global_identity"":null,""target_type"":""bird"",""target_type_code"":5,""model"":null,""quality"":{""alarm_level"":0,""is_white_list"":false,""trusted_for_fusion"":true,""trust_reason"":null,""magic_ok"":true,""length_ok"":true,""snr"":4.3420305252075195,""confidence"":null,""similarity"":null,""report_count"":6.0}}"
trk_track_radar_95,单设备轨迹,track_radar_95,radar,,,,,,,,,,,,,,,"{""local_track_id"":""track_radar_95""}"
loc_radar_l1_t95,空间位置,"位置:112.821698,28.078460,288m",radar,,,,,,,,112.8216976945058,28.078459792271246,287.7716369628906,,,,,"{""longitude"":112.82169769450581,""latitude"":28.078459792271246,""altitude_m"":287.7716369628906,""relative_height_m"":null,""distance_m"":3931.326416015625,""azimuth_deg"":157.439697265625,""pitch_deg"":3.6560826301574707}"
mot_radar_l1_t95,运动特征,运动:v=2.96m/s heading=17.6deg,radar,,,,,,,,,,,2.96052622795105,,,,"{""speed_mps"":2.96052622795105,""heading_deg"":17.599267959594727,""vx_mps"":20.244775772094727,""vy_mps"":6.421736717224121,""vz_mps"":3.715238571166992,""ve_mps"":null,""vn_mps"":null,""vu_mps"":null,""vx"":null,""vy"":null,""physical_vx"":null,""physical_vy"":null,""move_direction"":null}"
tgt_radar_l1_t96,轨迹点,轨迹点:20:46:12 h=528m v=7.40m/s,radar,,1.0,2026-04-14T12:46:30+08:00,,96.0,,bird,,,,,,,,"{""record_id"":""radar_l1_t96"",""line_no"":1,""line_time_beijing"":""2026-04-14T12:46:30+08:00"",""obs_time_beijing"":""2026-04-14T20:46:12.349000+08:00"",""local_target_id"":""96"",""local_track_id"":""track_radar_96"",""global_identity"":null,""target_type"":""bird"",""target_type_code"":5,""model"":null,""quality"":{""alarm_level"":0,""is_white_list"":false,""trusted_for_fusion"":true,""trust_reason"":null,""magic_ok"":true,""length_ok"":true,""snr"":2.3169782161712646,""confidence"":null,""similarity"":null,""report_count"":6.0}}"
trk_track_radar_96,单设备轨迹,track_radar_96,radar,,,,,,,,,,,,,,,"{""local_track_id"":""track_radar_96""}"
loc_radar_l1_t96,空间位置,"位置:112.797048,28.080204,528m",radar,,,,,,,,112.79704809343188,28.08020393024952,528.3697509765625,,,,,"{""longitude"":112.79704809343188,""latitude"":28.080203930249517,""altitude_m"":528.3697509765625,""relative_height_m"":null,""distance_m"":3555.228271484375,""azimuth_deg"":194.80128479003906,""pitch_deg"":7.875823497772217}"
mot_radar_l1_t96,运动特征,运动:v=7.40m/s heading=171.4deg,radar,,,,,,,,,,,7.401315689086914,,,,"{""speed_mps"":7.401315689086914,""heading_deg"":171.4429931640625,""vx_mps"":-68.54891204833984,""vy_mps"":10.314447402954102,""vz_mps"":23.88348960876465,""ve_mps"":null,""vn_mps"":null,""vu_mps"":null,""vx"":null,""vy"":null,""physical_vx"":null,""physical_vy"":null,""move_direction"":null}"
tgt_radar_l1_t97,轨迹点,轨迹点:20:46:12 h=326m v=5.92m/s,radar,,1.0,2026-04-14T12:46:30+08:00,,97.0,,bird,,,,,,,,"{""record_id"":""radar_l1_t97"",""line_no"":1,""line_time_beijing"":""2026-04-14T12:46:30+08:00"",""obs_time_beijing"":""2026-04-14T20:46:12.423000+08:00"",""local_target_id"":""97"",""local_track_id"":""track_radar_97"",""global_identity"":null,""target_type"":""bird"",""target_type_code"":5,""model"":null,""quality"":{""alarm_level"":0,""is_white_list"":false,""trusted_for_fusion"":true,""trust_reason"":null,""magic_ok"":true,""length_ok"":true,""snr"":2.8086624145507812,""confidence"":null,""similarity"":null,""report_count"":6.0}}"
trk_track_radar_97,单设备轨迹,track_radar_97,radar,,,,,,,,,,,,,,,"{""local_track_id"":""track_radar_97""}"
loc_radar_l1_t97,空间位置,"位置:112.804625,28.078385,326m",radar,,,,,,,,112.8046253650043,28.078385009902,326.30743408203125,,,,,"{""longitude"":112.8046253650043,""latitude"":28.078385009901996,""altitude_m"":326.30743408203125,""relative_height_m"":null,""distance_m"":3642.62646484375,""azimuth_deg"":182.60281372070312,""pitch_deg"":4.54777717590332}"
mot_radar_l1_t97,运动特征,运动:v=5.92m/s heading=168.9deg,radar,,,,,,,,,,,5.9210524559021,,,,"{""speed_mps"":5.9210524559021,""heading_deg"":168.94789123535156,""vx_mps"":-6.020914077758789,""vy_mps"":1.1760303974151611,""vz_mps"":12.960710525512695,""ve_mps"":null,""vn_mps"":null,""vu_mps"":null,""vx"":null,""vy"":null,""physical_vx"":null,""physical_vy"":null,""move_direction"":null}"
tgt_radar_l1_t100,轨迹点,轨迹点:20:46:15 h=309m v=10.36m/s,radar,,1.0,2026-04-14T12:46:30+08:00,,100.0,,unknown,,,,,,,,"{""record_id"":""radar_l1_t100"",""line_no"":1,""line_time_beijing"":""2026-04-14T12:46:30+08:00"",""obs_time_beijing"":""2026-04-14T20:46:15.411000+08:00"",""local_target_id"":""100"",""local_track_id"":""track_radar_100"",""global_identity"":null,""target_type"":""unknown"",""target_type_code"":0,""model"":null,""quality"":{""alarm_level"":0,""is_white_list"":false,""trusted_for_fusion"":true,""trust_reason"":null,""magic_ok"":true,""length_ok"":true,""snr"":2.8826024532318115,""confidence"":null,""similarity"":null,""report_count"":5.0}}"
trk_track_radar_100,单设备轨迹,track_radar_100,radar,,,,,,,,,,,,,,,"{""local_track_id"":""track_radar_100""}"
cls_unknown,类别语义,类别:unknown,system,,,,,,,unknown,,,,,,,,"{""target_type"":""unknown""}"
loc_radar_l1_t100,空间位置,"位置:112.841426,28.085386,309m",radar,,,,,,,,112.841425596089,28.08538559132201,309.3604431152344,,,,,"{""longitude"":112.84142559608901,""latitude"":28.085385591322012,""altitude_m"":309.3604431152344,""relative_height_m"":null,""distance_m"":4476.84814453125,""azimuth_deg"":129.74798583984375,""pitch_deg"":3.486926317214966}"
mot_radar_l1_t100,运动特征,运动:v=10.36m/s heading=-45.3deg,radar,,,,,,,,,,,10.361842155456545,,,,"{""speed_mps"":10.361842155456543,""heading_deg"":-45.34122085571289,""vx_mps"":8.217291831970215,""vy_mps"":-8.315753936767578,""vz_mps"":-5.1476545333862305,""ve_mps"":null,""vn_mps"":null,""vu_mps"":null,""vx"":null,""vy"":null,""physical_vx"":null,""physical_vy"":null,""move_direction"":null}"
tgt_radar_l1_t101,轨迹点,轨迹点:20:46:16 h=354m v=1.48m/s,radar,,1.0,2026-04-14T12:46:30+08:00,,101.0,,unknown,,,,,,,,"{""record_id"":""radar_l1_t101"",""line_no"":1,""line_time_beijing"":""2026-04-14T12:46:30+08:00"",""obs_time_beijing"":""2026-04-14T20:46:16.107000+08:00"",""local_target_id"":""101"",""local_track_id"":""track_radar_101"",""global_identity"":null,""target_type"":""unknown"",""target_type_code"":0,""model"":null,""quality"":{""alarm_level"":0,""is_white_list"":false,""trusted_for_fusion"":true,""trust_reason"":null,""magic_ok"":true,""length_ok"":true,""snr"":2.8711578845977783,""confidence"":null,""similarity"":null,""report_count"":5.0}}"
trk_track_radar_101,单设备轨迹,track_radar_101,radar,,,,,,,,,,,,,,,"{""local_track_id"":""track_radar_101""}"
loc_radar_l1_t101,空间位置,"位置:112.789696,28.063778,354m",radar,,,,,,,,112.7896956282296,28.063778156471848,354.4422607421875,,,,,"{""longitude"":112.78969562822961,""latitude"":28.063778156471848,""altitude_m"":354.4422607421875,""relative_height_m"":null,""distance_m"":5504.1943359375,""azimuth_deg"":197.2179718017578,""pitch_deg"":3.3052124977111816}"
mot_radar_l1_t101,运动特征,运动:v=1.48m/s heading=156.1deg,radar,,,,,,,,,,,1.480263113975525,,,,"{""speed_mps"":1.480263113975525,""heading_deg"":156.05169677734375,""vx_mps"":-7.968048572540283,""vy_mps"":3.5389938354492188,""vz_mps"":-4.263239860534668,""ve_mps"":null,""vn_mps"":null,""vu_mps"":null,""vx"":null,""vy"":null,""physical_vx"":null,""physical_vy"":null,""move_direction"":null}"
tgt_radar_l1_t102,轨迹点,轨迹点:20:46:20 h=384m v=5.92m/s,radar,,1.0,2026-04-14T12:46:30+08:00,,102.0,,unknown,,,,,,,,"{""record_id"":""radar_l1_t102"",""line_no"":1,""line_time_beijing"":""2026-04-14T12:46:30+08:00"",""obs_time_beijing"":""2026-04-14T20:46:20.849000+08:00"",""local_target_id"":""102"",""local_track_id"":""track_radar_102"",""global_identity"":null,""target_type"":""unknown"",""target_type_code"":0,""model"":null,""quality"":{""alarm_level"":0,""is_white_list"":false,""trusted_for_fusion"":true,""trust_reason"":null,""magic_ok"":true,""length_ok"":true,""snr"":3.448373794555664,""confidence"":null,""similarity"":null,""report_count"":3.0}}"
trk_track_radar_102,单设备轨迹,track_radar_102,radar,,,,,,,,,,,,,,,"{""local_track_id"":""track_radar_102""}"
loc_radar_l1_t102,空间位置,"位置:112.784395,28.143626,384m",radar,,,,,,,,112.78439470960107,28.14362624498663,383.73187255859375,,,,,"{""longitude"":112.78439470960107,""latitude"":28.14362624498663,""altitude_m"":383.73187255859375,""relative_height_m"":null,""distance_m"":4184.59765625,""azimuth_deg"":329.1242370605469,""pitch_deg"":4.742502212524414}"
mot_radar_l1_t102,运动特征,运动:v=5.92m/s heading=3.0deg,radar,,,,,,,,,,,5.9210524559021,,,,"{""speed_mps"":5.9210524559021,""heading_deg"":2.9938278198242188,""vx_mps"":48.6069221496582,""vy_mps"":2.5421302318573,""vz_mps"":1.8810539245605469,""ve_mps"":null,""vn_mps"":null,""vu_mps"":null,""vx"":null,""vy"":null,""physical_vx"":null,""physical_vy"":null,""move_direction"":null}"
tgt_radar_l1_t103,轨迹点,轨迹点:20:46:26 h=196m v=2.96m/s,radar,,1.0,2026-04-14T12:46:30+08:00,,103.0,,unknown,,,,,,,,"{""record_id"":""radar_l1_t103"",""line_no"":1,""line_time_beijing"":""2026-04-14T12:46:30+08:00"",""obs_time_beijing"":""2026-04-14T20:46:26.477000+08:00"",""local_target_id"":""103"",""local_track_id"":""track_radar_103"",""global_identity"":null,""target_type"":""unknown"",""target_type_code"":0,""model"":null,""quality"":{""alarm_level"":0,""is_white_list"":false,""trusted_for_fusion"":true,""trust_reason"":null,""magic_ok"":true,""length_ok"":true,""snr"":7.36226224899292,""confidence"":null,""similarity"":null,""report_count"":2.0}}"
trk_track_radar_103,单设备轨迹,track_radar_103,radar,,,,,,,,,,,,,,,"{""local_track_id"":""track_radar_103""}"
loc_radar_l1_t103,空间位置,"位置:112.804486,28.077829,196m",radar,,,,,,,,112.80448553978094,28.077829006847,196.25509643554688,,,,,"{""longitude"":112.80448553978094,""latitude"":28.077829006847,""altitude_m"":196.25509643554688,""relative_height_m"":null,""distance_m"":3704.819091796875,""azimuth_deg"":182.77133178710938,""pitch_deg"":2.4680347442626953}"
mot_radar_l1_t103,运动特征,运动:v=2.96m/s heading=87.2deg,radar,,,,,,,,,,,2.96052622795105,,,,"{""speed_mps"":2.96052622795105,""heading_deg"":87.21000671386719,""vx_mps"":0.14399616420269012,""vy_mps"":2.9547922611236572,""vz_mps"":-0.11481845378875732,""ve_mps"":null,""vn_mps"":null,""vu_mps"":null,""vx"":null,""vy"":null,""physical_vx"":null,""physical_vy"":null,""move_direction"":null}"
tgt_radar_l1_t104,轨迹点,轨迹点:20:46:28 h=108m v=20.72m/s,radar,,1.0,2026-04-14T12:46:30+08:00,,104.0,,unknown,,,,,,,,"{""record_id"":""radar_l1_t104"",""line_no"":1,""line_time_beijing"":""2026-04-14T12:46:30+08:00"",""obs_time_beijing"":""2026-04-14T20:46:28.275000+08:00"",""local_target_id"":""104"",""local_track_id"":""track_radar_104"",""global_identity"":null,""target_type"":""unknown"",""target_type_code"":0,""model"":null,""quality"":{""alarm_level"":1,""is_white_list"":false,""trusted_for_fusion"":true,""trust_reason"":null,""magic_ok"":true,""length_ok"":true,""snr"":24.915725708007812,""confidence"":null,""similarity"":null,""report_count"":1.0}}"
trk_track_radar_104,单设备轨迹,track_radar_104,radar,,,,,,,,,,,,,,,"{""local_track_id"":""track_radar_104""}"
loc_radar_l1_t104,空间位置,"位置:112.808830,28.122362,108m",radar,,,,,,,,112.80883032107938,28.12236187275841,107.84617614746094,,,,,"{""longitude"":112.80883032107938,""latitude"":28.12236187275841,""altitude_m"":107.84617614746094,""relative_height_m"":null,""distance_m"":1259.1878662109375,""azimuth_deg"":11.299210548400879,""pitch_deg"":3.2397634983062744}"
mot_radar_l1_t104,运动特征,运动:v=20.72m/s heading=-97.7deg,radar,,,,,,,,,,,20.72368431091309,,,,"{""speed_mps"":20.723684310913086,""heading_deg"":-97.74303436279297,""vx_mps"":-2.6035125255584717,""vy_mps"":-19.14767837524414,""vz_mps"":-1.334564208984375,""ve_mps"":null,""vn_mps"":null,""vu_mps"":null,""vx"":null,""vy"":null,""physical_vx"":null,""physical_vy"":null,""move_direction"":null}"
obs_radar_l3,观测帧,radar观测帧3,radar,,3.0,2026-04-14T12:46:31+08:00,,,,,,,,,,,,"{""line_no"":3,""line_time_beijing"":""2026-04-14T12:46:31+08:00"",""obs_time_beijing"":""2026-04-14T20:46:31.069000+08:00"",""obs_time_ms"":1776170791069,""record_type"":""target""}"
tw_20260414_124631,时间窗口,tw_20260414_124631,system,,,,,,,,,,,,,,,"{""time_window_id"":""tw_20260414_124631""}"
tgt_radar_l3_t29,轨迹点,轨迹点:20:44:07 h=753m v=7.40m/s,radar,,3.0,2026-04-14T12:46:31+08:00,,29.0,,bird,,,,,,,,"{""record_id"":""radar_l3_t29"",""line_no"":3,""line_time_beijing"":""2026-04-14T12:46:31+08:00"",""obs_time_beijing"":""2026-04-14T20:44:07.478000+08:00"",""local_target_id"":""29"",""local_track_id"":""track_radar_29"",""global_identity"":null,""target_type"":""bird"",""target_type_code"":5,""model"":null,""quality"":{""alarm_level"":0,""is_white_list"":false,""trusted_for_fusion"":true,""trust_reason"":null,""magic_ok"":true,""length_ok"":true,""snr"":3.5179624557495117,""confidence"":null,""similarity"":null,""report_count"":42.0}}"
loc_radar_l3_t29,空间位置,"位置:112.753956,28.125117,753m",radar,,,,,,,,112.75395568557032,28.125117469123783,752.89599609375,,,,,"{""longitude"":112.75395568557033,""latitude"":28.125117469123783,""altitude_m"":752.89599609375,""relative_height_m"":null,""distance_m"":5357.1318359375,""azimuth_deg"":286.72052001953125,""pitch_deg"":7.616097450256348}"
mot_radar_l3_t29,运动特征,运动:v=7.40m/s heading=15.6deg,radar,,,,,,,,,,,7.401315689086914,,,,"{""speed_mps"":7.401315689086914,""heading_deg"":15.6395263671875,""vx_mps"":1.2812283039093018,""vy_mps"":0.35867834091186523,""vz_mps"":-15.631917953491211,""ve_mps"":null,""vn_mps"":null,""vu_mps"":null,""vx"":null,""vy"":null,""physical_vx"":null,""physical_vy"":null,""move_direction"":null}"
tgt_radar_l3_t58,轨迹点,轨迹点:20:44:52 h=423m v=4.44m/s,radar,,3.0,2026-04-14T12:46:31+08:00,,58.0,,bird,,,,,,,,"{""record_id"":""radar_l3_t58"",""line_no"":3,""line_time_beijing"":""2026-04-14T12:46:31+08:00"",""obs_time_beijing"":""2026-04-14T20:44:52.828000+08:00"",""local_target_id"":""58"",""local_track_id"":""track_radar_58"",""global_identity"":null,""target_type"":""bird"",""target_type_code"":5,""model"":null,""quality"":{""alarm_level"":0,""is_white_list"":false,""trusted_for_fusion"":true,""trust_reason"":null,""magic_ok"":true,""length_ok"":true,""snr"":1.4886012077331543,""confidence"":null,""similarity"":null,""report_count"":29.0}}"
loc_radar_l3_t58,空间位置,"位置:112.766085,28.126258,423m",radar,,,,,,,,112.76608531077936,28.126258303120128,423.4100646972656,,,,,"{""longitude"":112.76608531077936,""latitude"":28.126258303120128,""altitude_m"":423.4100646972656,""relative_height_m"":null,""distance_m"":4280.048828125,""azimuth_deg"":292.9258117675781,""pitch_deg"":5.16448450088501}"
mot_radar_l3_t58,运动特征,运动:v=4.44m/s heading=20.8deg,radar,,,,,,,,,,,4.440789222717285,,,,"{""speed_mps"":4.440789222717285,""heading_deg"":20.815288543701172,""vx_mps"":8.982414245605469,""vy_mps"":3.414842128753662,""vz_mps"":-1.0893385410308838,""ve_mps"":null,""vn_mps"":null,""vu_mps"":null,""vx"":null,""vy"":null,""physical_vx"":null,""physical_vy"":null,""move_direction"":null}"
tgt_radar_l3_t71,轨迹点,轨迹点:20:45:23 h=166m v=2.96m/s,radar,,3.0,2026-04-14T12:46:31+08:00,,71.0,,bird,,,,,,,,"{""record_id"":""radar_l3_t71"",""line_no"":3,""line_time_beijing"":""2026-04-14T12:46:31+08:00"",""obs_time_beijing"":""2026-04-14T20:45:23.965000+08:00"",""local_target_id"":""71"",""local_track_id"":""track_radar_71"",""global_identity"":null,""target_type"":""bird"",""target_type_code"":5,""model"":null,""quality"":{""alarm_level"":1,""is_white_list"":false,""trusted_for_fusion"":true,""trust_reason"":null,""magic_ok"":true,""length_ok"":true,""snr"":7.237457275390625,""confidence"":null,""similarity"":null,""report_count"":20.0}}"
loc_radar_l3_t71,空间位置,"位置:112.793857,28.109982,166m",radar,,,,,,,,112.79385747252633,28.10998198215866,166.4500274658203,,,,,"{""longitude"":112.79385747252631,""latitude"":28.10998198215866,""altitude_m"":166.4500274658203,""relative_height_m"":null,""distance_m"":1228.3775634765625,""azimuth_deg"":263.59002685546875,""pitch_deg"":6.0356292724609375}"
mot_radar_l3_t71,运动特征,运动:v=2.96m/s heading=103.3deg,radar,,,,,,,,,,,2.96052622795105,,,,"{""speed_mps"":2.96052622795105,""heading_deg"":103.29367065429688,""vx_mps"":-2.414402961730957,""vy_mps"":10.218689918518066,""vz_mps"":-4.266493320465088,""ve_mps"":null,""vn_mps"":null,""vu_mps"":null,""vx"":null,""vy"":null,""physical_vx"":null,""physical_vy"":null,""move_direction"":null}"
tgt_radar_l3_t74,轨迹点,轨迹点:20:45:27 h=233m v=5.92m/s,radar,,3.0,2026-04-14T12:46:31+08:00,,74.0,,bird,,,,,,,,"{""record_id"":""radar_l3_t74"",""line_no"":3,""line_time_beijing"":""2026-04-14T12:46:31+08:00"",""obs_time_beijing"":""2026-04-14T20:45:27.490000+08:00"",""local_target_id"":""74"",""local_track_id"":""track_radar_74"",""global_identity"":null,""target_type"":""bird"",""target_type_code"":5,""model"":null,""quality"":{""alarm_level"":4,""is_white_list"":false,""trusted_for_fusion"":true,""trust_reason"":null,""magic_ok"":true,""length_ok"":true,""snr"":25.061626434326172,""confidence"":null,""similarity"":null,""report_count"":19.0}}"
loc_radar_l3_t74,空间位置,"位置:112.790094,28.106253,233m",radar,,,,,,,,112.79009359986874,28.106253311510866,233.396484375,,,,,"{""longitude"":112.79009359986874,""latitude"":28.106253311510866,""altitude_m"":233.396484375,""relative_height_m"":null,""distance_m"":1682.201171875,""azimuth_deg"":250.9046173095703,""pitch_deg"":6.673566818237305}"
mot_radar_l3_t74,运动特征,运动:v=5.92m/s heading=147.7deg,radar,,,,,,,,,,,5.9210524559021,,,,"{""speed_mps"":5.9210524559021,""heading_deg"":147.71054077148438,""vx_mps"":-6.91100549697876,""vy_mps"":4.367176532745361,""vz_mps"":0.9609534740447998,""ve_mps"":null,""vn_mps"":null,""vu_mps"":null,""vx"":null,""vy"":null,""physical_vx"":null,""physical_vy"":null,""move_direction"":null}"
tgt_radar_l3_t75,轨迹点,轨迹点:20:45:28 h=162m v=11.84m/s,radar,,3.0,2026-04-14T12:46:31+08:00,,75.0,,bird,,,,,,,,"{""record_id"":""radar_l3_t75"",""line_no"":3,""line_time_beijing"":""2026-04-14T12:46:31+08:00"",""obs_time_beijing"":""2026-04-14T20:45:28.258000+08:00"",""local_target_id"":""75"",""local_track_id"":""track_radar_75"",""global_identity"":null,""target_type"":""bird"",""target_type_code"":5,""model"":null,""quality"":{""alarm_level"":1,""is_white_list"":false,""trusted_for_fusion"":true,""trust_reason"":null,""magic_ok"":true,""length_ok"":true,""snr"":4.905200958251953,""confidence"":null,""similarity"":null,""report_count"":18.0}}"
loc_radar_l3_t75,空间位置,"位置:112.799076,28.115958,162m",radar,,,,,,,,112.7990758334066,28.115957744833853,162.0523681640625,,,,,"{""longitude"":112.79907583340659,""latitude"":28.115957744833853,""altitude_m"":162.0523681640625,""relative_height_m"":null,""distance_m"":882.4397583007812,""azimuth_deg"":306.5143737792969,""pitch_deg"":8.093164443969727}"
mot_radar_l3_t75,运动特征,运动:v=11.84m/s heading=156.9deg,radar,,,,,,,,,,,11.8421049118042,,,,"{""speed_mps"":11.8421049118042,""heading_deg"":156.90463256835938,""vx_mps"":-13.04456901550293,""vy_mps"":5.5627312660217285,""vz_mps"":0.631804347038269,""ve_mps"":null,""vn_mps"":null,""vu_mps"":null,""vx"":null,""vy"":null,""physical_vx"":null,""physical_vy"":null,""move_direction"":null}"
tgt_radar_l3_t79,轨迹点,轨迹点:20:45:33 h=419m v=5.92m/s,radar,,3.0,2026-04-14T12:46:31+08:00,,79.0,,bird,,,,,,,,"{""record_id"":""radar_l3_t79"",""line_no"":3,""line_time_beijing"":""2026-04-14T12:46:31+08:00"",""obs_time_beijing"":""2026-04-14T20:45:33.972000+08:00"",""local_target_id"":""79"",""local_track_id"":""track_radar_79"",""global_identity"":null,""target_type"":""bird"",""target_type_code"":5,""model"":null,""quality"":{""alarm_level"":0,""is_white_list"":false,""trusted_for_fusion"":true,""trust_reason"":null,""magic_ok"":true,""length_ok"":true,""snr"":2.7565581798553467,""confidence"":null,""similarity"":null,""report_count"":17.0}}"
loc_radar_l3_t79,空间位置,"位置:112.805896,28.084039,419m",radar,,,,,,,,112.80589602462535,28.084039416663504,419.1423950195313,,,,,"{""longitude"":112.80589602462537,""latitude"":28.084039416663504,""altitude_m"":419.14239501953125,""relative_height_m"":null,""distance_m"":3012.510009765625,""azimuth_deg"":180.7769012451172,""pitch_deg"":7.237510681152344}"
mot_radar_l3_t79,运动特征,运动:v=5.92m/s heading=90.9deg,radar,,,,,,,,,,,5.9210524559021,,,,"{""speed_mps"":5.9210524559021,""heading_deg"":90.9087142944336,""vx_mps"":-0.12047195434570312,""vy_mps"":7.595340251922607,""vz_mps"":-12.25887393951416,""ve_mps"":null,""vn_mps"":null,""vu_mps"":null,""vx"":null,""vy"":null,""physical_vx"":null,""physical_vy"":null,""move_direction"":null}"
tgt_radar_l3_t80,轨迹点,轨迹点:20:45:33 h=180m v=5.92m/s,radar,,3.0,2026-04-14T12:46:31+08:00,,80.0,,bird,,,,,,,,"{""record_id"":""radar_l3_t80"",""line_no"":3,""line_time_beijing"":""2026-04-14T12:46:31+08:00"",""obs_time_beijing"":""2026-04-14T20:45:33.974000+08:00"",""local_target_id"":""80"",""local_track_id"":""track_radar_80"",""global_identity"":null,""target_type"":""bird"",""target_type_code"":5,""model"":null,""quality"":{""alarm_level"":0,""is_white_list"":false,""trusted_for_fusion"":true,""trust_reason"":null,""magic_ok"":true,""length_ok"":true,""snr"":2.403120517730713,""confidence"":null,""similarity"":null,""report_count"":17.0}}"
loc_radar_l3_t80,空间位置,"位置:112.803936,28.074071,180m",radar,,,,,,,,112.80393605516522,28.074071179418308,179.533203125,,,,,"{""longitude"":112.80393605516522,""latitude"":28.074071179418308,""altitude_m"":179.533203125,""relative_height_m"":null,""distance_m"":4123.52587890625,""azimuth_deg"":183.23928833007812,""pitch_deg"":1.9856570959091187}"
mot_radar_l3_t80,运动特征,运动:v=5.92m/s heading=155.9deg,radar,,,,,,,,,,,5.9210524559021,,,,"{""speed_mps"":5.9210524559021,""heading_deg"":155.9003448486328,""vx_mps"":-20.109405517578125,""vy_mps"":8.995223045349121,""vz_mps"":-5.234146595001221,""ve_mps"":null,""vn_mps"":null,""vu_mps"":null,""vx"":null,""vy"":null,""physical_vx"":null,""physical_vy"":null,""move_direction"":null}"
tgt_radar_l3_t81,轨迹点,轨迹点:20:45:34 h=230m v=1.48m/s,radar,,3.0,2026-04-14T12:46:31+08:00,,81.0,,bird,,,,,,,,"{""record_id"":""radar_l3_t81"",""line_no"":3,""line_time_beijing"":""2026-04-14T12:46:31+08:00"",""obs_time_beijing"":""2026-04-14T20:45:34.091000+08:00"",""local_target_id"":""81"",""local_track_id"":""track_radar_81"",""global_identity"":null,""target_type"":""bird"",""target_type_code"":5,""model"":null,""quality"":{""alarm_level"":0,""is_white_list"":false,""trusted_for_fusion"":true,""trust_reason"":null,""magic_ok"":true,""length_ok"":true,""snr"":4.101625442504883,""confidence"":null,""similarity"":null,""report_count"":17.0}}"
loc_radar_l3_t81,空间位置,"位置:112.797856,28.072285,230m",radar,,,,,,,,112.79785572720742,28.07228532747661,230.12667846679688,,,,,"{""longitude"":112.79785572720742,""latitude"":28.07228532747661,""altitude_m"":230.12667846679688,""relative_height_m"":null,""distance_m"":4393.763671875,""azimuth_deg"":190.87728881835938,""pitch_deg"":2.5223968029022217}"
mot_radar_l3_t81,运动特征,运动:v=1.48m/s heading=168.3deg,radar,,,,,,,,,,,1.480263113975525,,,,"{""speed_mps"":1.480263113975525,""heading_deg"":168.3043212890625,""vx_mps"":-24.090396881103516,""vy_mps"":4.986990928649902,""vz_mps"":-5.574622631072998,""ve_mps"":null,""vn_mps"":null,""vu_mps"":null,""vx"":null,""vy"":null,""physical_vx"":null,""physical_vy"":null,""move_direction"":null}"
tgt_radar_l3_t87,轨迹点,轨迹点:20:45:48 h=299m v=14.80m/s,radar,,3.0,2026-04-14T12:46:31+08:00,,87.0,,bird,,,,,,,,"{""record_id"":""radar_l3_t87"",""line_no"":3,""line_time_beijing"":""2026-04-14T12:46:31+08:00"",""obs_time_beijing"":""2026-04-14T20:45:48.807000+08:00"",""local_target_id"":""87"",""local_track_id"":""track_radar_87"",""global_identity"":null,""target_type"":""bird"",""target_type_code"":5,""model"":null,""quality"":{""alarm_level"":1,""is_white_list"":false,""trusted_for_fusion"":true,""trust_reason"":null,""magic_ok"":true,""length_ok"":true,""snr"":19.694110870361328,""confidence"":null,""similarity"":null,""report_count"":13.0}}"
loc_radar_l3_t87,空间位置,"位置:112.793137,28.111881,299m",radar,,,,,,,,112.79313681423136,28.111880775736285,298.6061706542969,,,,,"{""longitude"":112.79313681423135,""latitude"":28.111880775736285,""altitude_m"":298.6061706542969,""relative_height_m"":null,""distance_m"":1293.3837890625,""azimuth_deg"":273.24884033203125,""pitch_deg"":11.452957153320312}"
mot_radar_l3_t87,运动特征,运动:v=14.80m/s heading=3.2deg,radar,,,,,,,,,,,14.802631378173828,,,,"{""speed_mps"":14.802631378173828,""heading_deg"":3.1685659885406494,""vx_mps"":12.379359245300293,""vy_mps"":0.6853009462356567,""vz_mps"":0.38654598593711853,""ve_mps"":null,""vn_mps"":null,""vu_mps"":null,""vx"":null,""vy"":null,""physical_vx"":null,""physical_vy"":null,""move_direction"":null}"
tgt_radar_l3_t88,轨迹点,轨迹点:20:45:53 h=558m v=7.40m/s,radar,,3.0,2026-04-14T12:46:31+08:00,,88.0,,bird,,,,,,,,"{""record_id"":""radar_l3_t88"",""line_no"":3,""line_time_beijing"":""2026-04-14T12:46:31+08:00"",""obs_time_beijing"":""2026-04-14T20:45:53.204000+08:00"",""local_target_id"":""88"",""local_track_id"":""track_radar_88"",""global_identity"":null,""target_type"":""bird"",""target_type_code"":5,""model"":null,""quality"":{""alarm_level"":0,""is_white_list"":false,""trusted_for_fusion"":true,""trust_reason"":null,""magic_ok"":true,""length_ok"":true,""snr"":3.378905773162842,""confidence"":null,""similarity"":null,""report_count"":12.0}}"
loc_radar_l3_t88,空间位置,"位置:112.819534,28.177146,558m",radar,,,,,,,,112.81953367162744,28.177146093086865,557.6392211914062,,,,,"{""longitude"":112.81953367162745,""latitude"":28.177146093086865,""altitude_m"":557.6392211914062,""relative_height_m"":null,""distance_m"":7420.1142578125,""azimuth_deg"":10.050589561462402,""pitch_deg"":4.016937732696533}"
mot_radar_l3_t88,运动特征,运动:v=7.40m/s heading=-170.8deg,radar,,,,,,,,,,,7.401315689086914,,,,"{""speed_mps"":7.401315689086914,""heading_deg"":-170.76612854003906,""vx_mps"":-11.265832901000977,""vy_mps"":-1.831502079963684,""vz_mps"":17.090110778808594,""ve_mps"":null,""vn_mps"":null,""vu_mps"":null,""vx"":null,""vy"":null,""physical_vx"":null,""physical_vy"":null,""move_direction"":null}"
tgt_radar_l3_t89,轨迹点,轨迹点:20:45:53 h=345m v=11.84m/s,radar,,3.0,2026-04-14T12:46:31+08:00,,89.0,,bird,,,,,,,,"{""record_id"":""radar_l3_t89"",""line_no"":3,""line_time_beijing"":""2026-04-14T12:46:31+08:00"",""obs_time_beijing"":""2026-04-14T20:45:53.620000+08:00"",""local_target_id"":""89"",""local_track_id"":""track_radar_89"",""global_identity"":null,""target_type"":""bird"",""target_type_code"":5,""model"":null,""quality"":{""alarm_level"":1,""is_white_list"":false,""trusted_for_fusion"":true,""trust_reason"":null,""magic_ok"":true,""length_ok"":true,""snr"":6.730772018432617,""confidence"":null,""similarity"":null,""report_count"":11.0}}"
loc_radar_l3_t89,空间位置,"位置:112.813459,28.119083,345m",radar,,,,,,,,112.8134587440616,28.11908332341563,345.3786926269531,,,,,"{""longitude"":112.81345874406159,""latitude"":28.11908332341563,""altitude_m"":345.3786926269531,""relative_height_m"":null,""distance_m"":1117.9737548828125,""azimuth_deg"":38.7852668762207,""pitch_deg"":15.441311836242676}"
mot_radar_l3_t89,运动特征,运动:v=11.84m/s heading=53.2deg,radar,,,,,,,,,,,11.8421049118042,,,,"{""speed_mps"":11.8421049118042,""heading_deg"":53.233463287353516,""vx_mps"":9.706329345703125,""vy_mps"":12.99052906036377,""vz_mps"":-0.8948732614517212,""ve_mps"":null,""vn_mps"":null,""vu_mps"":null,""vx"":null,""vy"":null,""physical_vx"":null,""physical_vy"":null,""move_direction"":null}"
tgt_radar_l3_t94,轨迹点,轨迹点:20:46:07 h=117m v=7.40m/s,radar,,3.0,2026-04-14T12:46:31+08:00,,94.0,,bird,,,,,,,,"{""record_id"":""radar_l3_t94"",""line_no"":3,""line_time_beijing"":""2026-04-14T12:46:31+08:00"",""obs_time_beijing"":""2026-04-14T20:46:07.580000+08:00"",""local_target_id"":""94"",""local_track_id"":""track_radar_94"",""global_identity"":null,""target_type"":""bird"",""target_type_code"":5,""model"":null,""quality"":{""alarm_level"":1,""is_white_list"":false,""trusted_for_fusion"":true,""trust_reason"":null,""magic_ok"":true,""length_ok"":true,""snr"":16.924053192138672,""confidence"":null,""similarity"":null,""report_count"":7.0}}"
loc_radar_l3_t94,空间位置,"位置:112.814580,28.118290,117m",radar,,,,,,,,112.81458031591174,28.11828982101226,116.61077117919922,,,,,"{""longitude"":112.81458031591174,""latitude"":28.11828982101226,""altitude_m"":116.61077117919922,""relative_height_m"":null,""distance_m"":1127.1087646484375,""azimuth_deg"":45.959537506103516,""pitch_deg"":4.061997413635254}"
mot_radar_l3_t94,运动特征,运动:v=7.40m/s heading=54.0deg,radar,,,,,,,,,,,7.401315689086914,,,,"{""speed_mps"":7.401315689086914,""heading_deg"":53.96980285644531,""vx_mps"":2.2337396144866943,""vy_mps"":3.0710737705230713,""vz_mps"":-0.05896139144897461,""ve_mps"":null,""vn_mps"":null,""vu_mps"":null,""vx"":null,""vy"":null,""physical_vx"":null,""physical_vy"":null,""move_direction"":null}"
tgt_radar_l3_t95,轨迹点,轨迹点:20:46:12 h=288m v=2.96m/s,radar,,3.0,2026-04-14T12:46:31+08:00,,95.0,,bird,,,,,,,,"{""record_id"":""radar_l3_t95"",""line_no"":3,""line_time_beijing"":""2026-04-14T12:46:31+08:00"",""obs_time_beijing"":""2026-04-14T20:46:12.236000+08:00"",""local_target_id"":""95"",""local_track_id"":""track_radar_95"",""global_identity"":null,""target_type"":""bird"",""target_type_code"":5,""model"":null,""quality"":{""alarm_level"":0,""is_white_list"":false,""trusted_for_fusion"":true,""trust_reason"":null,""magic_ok"":true,""length_ok"":true,""snr"":4.3420305252075195,""confidence"":null,""similarity"":null,""report_count"":6.0}}"
loc_radar_l3_t95,空间位置,"位置:112.821698,28.078460,288m",radar,,,,,,,,112.8216976945058,28.078459792271246,287.7716369628906,,,,,"{""longitude"":112.82169769450581,""latitude"":28.078459792271246,""altitude_m"":287.7716369628906,""relative_height_m"":null,""distance_m"":3931.326416015625,""azimuth_deg"":157.439697265625,""pitch_deg"":3.6560826301574707}"
mot_radar_l3_t95,运动特征,运动:v=2.96m/s heading=17.6deg,radar,,,,,,,,,,,2.96052622795105,,,,"{""speed_mps"":2.96052622795105,""heading_deg"":17.599267959594727,""vx_mps"":20.244775772094727,""vy_mps"":6.421736717224121,""vz_mps"":3.715238571166992,""ve_mps"":null,""vn_mps"":null,""vu_mps"":null,""vx"":null,""vy"":null,""physical_vx"":null,""physical_vy"":null,""move_direction"":null}"
tgt_radar_l3_t96,轨迹点,轨迹点:20:46:12 h=528m v=7.40m/s,radar,,3.0,2026-04-14T12:46:31+08:00,,96.0,,bird,,,,,,,,"{""record_id"":""radar_l3_t96"",""line_no"":3,""line_time_beijing"":""2026-04-14T12:46:31+08:00"",""obs_time_beijing"":""2026-04-14T20:46:12.349000+08:00"",""local_target_id"":""96"",""local_track_id"":""track_radar_96"",""global_identity"":null,""target_type"":""bird"",""target_type_code"":5,""model"":null,""quality"":{""alarm_level"":0,""is_white_list"":false,""trusted_for_fusion"":true,""trust_reason"":null,""magic_ok"":true,""length_ok"":true,""snr"":2.3169782161712646,""confidence"":null,""similarity"":null,""report_count"":6.0}}"
loc_radar_l3_t96,空间位置,"位置:112.797048,28.080204,528m",radar,,,,,,,,112.79704809343188,28.08020393024952,528.3697509765625,,,,,"{""longitude"":112.79704809343188,""latitude"":28.080203930249517,""altitude_m"":528.3697509765625,""relative_height_m"":null,""distance_m"":3555.228271484375,""azimuth_deg"":194.80128479003906,""pitch_deg"":7.875823497772217}"
mot_radar_l3_t96,运动特征,运动:v=7.40m/s heading=171.4deg,radar,,,,,,,,,,,7.401315689086914,,,,"{""speed_mps"":7.401315689086914,""heading_deg"":171.4429931640625,""vx_mps"":-68.54891204833984,""vy_mps"":10.314447402954102,""vz_mps"":23.88348960876465,""ve_mps"":null,""vn_mps"":null,""vu_mps"":null,""vx"":null,""vy"":null,""physical_vx"":null,""physical_vy"":null,""move_direction"":null}"
tgt_radar_l3_t97,轨迹点,轨迹点:20:46:12 h=326m v=5.92m/s,radar,,3.0,2026-04-14T12:46:31+08:00,,97.0,,bird,,,,,,,,"{""record_id"":""radar_l3_t97"",""line_no"":3,""line_time_beijing"":""2026-04-14T12:46:31+08:00"",""obs_time_beijing"":""2026-04-14T20:46:12.423000+08:00"",""local_target_id"":""97"",""local_track_id"":""track_radar_97"",""global_identity"":null,""target_type"":""bird"",""target_type_code"":5,""model"":null,""quality"":{""alarm_level"":0,""is_white_list"":false,""trusted_for_fusion"":true,""trust_reason"":null,""magic_ok"":true,""length_ok"":true,""snr"":2.8086624145507812,""confidence"":null,""similarity"":null,""report_count"":6.0}}"
loc_radar_l3_t97,空间位置,"位置:112.804625,28.078385,326m",radar,,,,,,,,112.8046253650043,28.078385009902,326.30743408203125,,,,,"{""longitude"":112.8046253650043,""latitude"":28.078385009901996,""altitude_m"":326.30743408203125,""relative_height_m"":null,""distance_m"":3642.62646484375,""azimuth_deg"":182.60281372070312,""pitch_deg"":4.54777717590332}"
mot_radar_l3_t97,运动特征,运动:v=5.92m/s heading=168.9deg,radar,,,,,,,,,,,5.9210524559021,,,,"{""speed_mps"":5.9210524559021,""heading_deg"":168.94789123535156,""vx_mps"":-6.020914077758789,""vy_mps"":1.1760303974151611,""vz_mps"":12.960710525512695,""ve_mps"":null,""vn_mps"":null,""vu_mps"":null,""vx"":null,""vy"":null,""physical_vx"":null,""physical_vy"":null,""move_direction"":null}"
tgt_radar_l3_t100,轨迹点,轨迹点:20:46:15 h=309m v=10.36m/s,radar,,3.0,2026-04-14T12:46:31+08:00,,100.0,,unknown,,,,,,,,"{""record_id"":""radar_l3_t100"",""line_no"":3,""line_time_beijing"":""2026-04-14T12:46:31+08:00"",""obs_time_beijing"":""2026-04-14T20:46:15.411000+08:00"",""local_target_id"":""100"",""local_track_id"":""track_radar_100"",""global_identity"":null,""target_type"":""unknown"",""target_type_code"":0,""model"":null,""quality"":{""alarm_level"":0,""is_white_list"":false,""trusted_for_fusion"":true,""trust_reason"":null,""magic_ok"":true,""length_ok"":true,""snr"":2.8826024532318115,""confidence"":null,""similarity"":null,""report_count"":5.0}}"
loc_radar_l3_t100,空间位置,"位置:112.841426,28.085386,309m",radar,,,,,,,,112.841425596089,28.08538559132201,309.3604431152344,,,,,"{""longitude"":112.84142559608901,""latitude"":28.085385591322012,""altitude_m"":309.3604431152344,""relative_height_m"":null,""distance_m"":4476.84814453125,""azimuth_deg"":129.74798583984375,""pitch_deg"":3.486926317214966}"
mot_radar_l3_t100,运动特征,运动:v=10.36m/s heading=-45.3deg,radar,,,,,,,,,,,10.361842155456545,,,,"{""speed_mps"":10.361842155456543,""heading_deg"":-45.34122085571289,""vx_mps"":8.217291831970215,""vy_mps"":-8.315753936767578,""vz_mps"":-5.1476545333862305,""ve_mps"":null,""vn_mps"":null,""vu_mps"":null,""vx"":null,""vy"":null,""physical_vx"":null,""physical_vy"":null,""move_direction"":null}"
tgt_radar_l3_t101,轨迹点,轨迹点:20:46:16 h=354m v=1.48m/s,radar,,3.0,2026-04-14T12:46:31+08:00,,101.0,,unknown,,,,,,,,"{""record_id"":""radar_l3_t101"",""line_no"":3,""line_time_beijing"":""2026-04-14T12:46:31+08:00"",""obs_time_beijing"":""2026-04-14T20:46:16.107000+08:00"",""local_target_id"":""101"",""local_track_id"":""track_radar_101"",""global_identity"":null,""target_type"":""unknown"",""target_type_code"":0,""model"":null,""quality"":{""alarm_level"":0,""is_white_list"":false,""trusted_for_fusion"":true,""trust_reason"":null,""magic_ok"":true,""length_ok"":true,""snr"":2.8711578845977783,""confidence"":null,""similarity"":null,""report_count"":5.0}}"
loc_radar_l3_t101,空间位置,"位置:112.789696,28.063778,354m",radar,,,,,,,,112.7896956282296,28.063778156471848,354.4422607421875,,,,,"{""longitude"":112.78969562822961,""latitude"":28.063778156471848,""altitude_m"":354.4422607421875,""relative_height_m"":null,""distance_m"":5504.1943359375,""azimuth_deg"":197.2179718017578,""pitch_deg"":3.3052124977111816}"
mot_radar_l3_t101,运动特征,运动:v=1.48m/s heading=156.1deg,radar,,,,,,,,,,,1.480263113975525,,,,"{""speed_mps"":1.480263113975525,""heading_deg"":156.05169677734375,""vx_mps"":-7.968048572540283,""vy_mps"":3.5389938354492188,""vz_mps"":-4.263239860534668,""ve_mps"":null,""vn_mps"":null,""vu_mps"":null,""vx"":null,""vy"":null,""physical_vx"":null,""physical_vy"":null,""move_direction"":null}"
tgt_radar_l3_t102,轨迹点,轨迹点:20:46:20 h=368m v=5.92m/s,radar,,3.0,2026-04-14T12:46:31+08:00,,102.0,,unknown,,,,,,,,"{""record_id"":""radar_l3_t102"",""line_no"":3,""line_time_beijing"":""2026-04-14T12:46:31+08:00"",""obs_time_beijing"":""2026-04-14T20:46:20.849000+08:00"",""local_target_id"":""102"",""local_track_id"":""track_radar_102"",""global_identity"":null,""target_type"":""unknown"",""target_type_code"":0,""model"":null,""quality"":{""alarm_level"":0,""is_white_list"":false,""trusted_for_fusion"":true,""trust_reason"":null,""magic_ok"":true,""length_ok"":true,""snr"":3.448373794555664,""confidence"":null,""similarity"":null,""report_count"":4.0}}"
loc_radar_l3_t102,空间位置,"位置:112.784639,28.143461,368m",radar,,,,,,,,112.78463865930064,28.143461444699224,368.0798645019531,,,,,"{""longitude"":112.78463865930065,""latitude"":28.143461444699224,""altitude_m"":368.0798645019531,""relative_height_m"":null,""distance_m"":4156.66943359375,""azimuth_deg"":329.2777404785156,""pitch_deg"":4.559899806976318}"
mot_radar_l3_t102,运动特征,运动:v=5.92m/s heading=3.0deg,radar,,,,,,,,,,,5.9210524559021,,,,"{""speed_mps"":5.9210524559021,""heading_deg"":2.9938278198242188,""vx_mps"":48.6069221496582,""vy_mps"":2.5421302318573,""vz_mps"":1.8810539245605469,""ve_mps"":null,""vn_mps"":null,""vu_mps"":null,""vx"":null,""vy"":null,""physical_vx"":null,""physical_vy"":null,""move_direction"":null}"
tgt_radar_l3_t103,轨迹点,轨迹点:20:46:26 h=196m v=2.96m/s,radar,,3.0,2026-04-14T12:46:31+08:00,,103.0,,unknown,,,,,,,,"{""record_id"":""radar_l3_t103"",""line_no"":3,""line_time_beijing"":""2026-04-14T12:46:31+08:00"",""obs_time_beijing"":""2026-04-14T20:46:26.477000+08:00"",""local_target_id"":""103"",""local_track_id"":""track_radar_103"",""global_identity"":null,""target_type"":""unknown"",""target_type_code"":0,""model"":null,""quality"":{""alarm_level"":0,""is_white_list"":false,""trusted_for_fusion"":true,""trust_reason"":null,""magic_ok"":true,""length_ok"":true,""snr"":7.36226224899292,""confidence"":null,""similarity"":null,""report_count"":2.0}}"
loc_radar_l3_t103,空间位置,"位置:112.804486,28.077829,196m",radar,,,,,,,,112.80448553978094,28.077829006847,196.25509643554688,,,,,"{""longitude"":112.80448553978094,""latitude"":28.077829006847,""altitude_m"":196.25509643554688,""relative_height_m"":null,""distance_m"":3704.819091796875,""azimuth_deg"":182.77133178710938,""pitch_deg"":2.4680347442626953}"
mot_radar_l3_t103,运动特征,运动:v=2.96m/s heading=87.2deg,radar,,,,,,,,,,,2.96052622795105,,,,"{""speed_mps"":2.96052622795105,""heading_deg"":87.21000671386719,""vx_mps"":0.14399616420269012,""vy_mps"":2.9547922611236572,""vz_mps"":-0.11481845378875732,""ve_mps"":null,""vn_mps"":null,""vu_mps"":null,""vx"":null,""vy"":null,""physical_vx"":null,""physical_vy"":null,""move_direction"":null}"
tgt_radar_l3_t104,轨迹点,轨迹点:20:46:28 h=108m v=20.72m/s,radar,,3.0,2026-04-14T12:46:31+08:00,,104.0,,unknown,,,,,,,,"{""record_id"":""radar_l3_t104"",""line_no"":3,""line_time_beijing"":""2026-04-14T12:46:31+08:00"",""obs_time_beijing"":""2026-04-14T20:46:28.275000+08:00"",""local_target_id"":""104"",""local_track_id"":""track_radar_104"",""global_identity"":null,""target_type"":""unknown"",""target_type_code"":0,""model"":null,""quality"":{""alarm_level"":1,""is_white_list"":false,""trusted_for_fusion"":true,""trust_reason"":null,""magic_ok"":true,""length_ok"":true,""snr"":24.915725708007812,""confidence"":null,""similarity"":null,""report_count"":1.0}}"
loc_radar_l3_t104,空间位置,"位置:112.808830,28.122362,108m",radar,,,,,,,,112.80883032107938,28.12236187275841,107.84617614746094,,,,,"{""longitude"":112.80883032107938,""latitude"":28.12236187275841,""altitude_m"":107.84617614746094,""relative_height_m"":null,""distance_m"":1259.1878662109375,""azimuth_deg"":11.299210548400879,""pitch_deg"":3.2397634983062744}"
mot_radar_l3_t104,运动特征,运动:v=20.72m/s heading=-97.7deg,radar,,,,,,,,,,,20.72368431091309,,,,"{""speed_mps"":20.723684310913086,""heading_deg"":-97.74303436279297,""vx_mps"":-2.6035125255584717,""vy_mps"":-19.14767837524414,""vz_mps"":-1.334564208984375,""ve_mps"":null,""vn_mps"":null,""vu_mps"":null,""vx"":null,""vy"":null,""physical_vx"":null,""physical_vy"":null,""move_direction"":null}"
tgt_radar_l3_t105,轨迹点,轨迹点:20:46:31 h=481m v=29.61m/s,radar,,3.0,2026-04-14T12:46:31+08:00,,105.0,,unknown,,,,,,,,"{""record_id"":""radar_l3_t105"",""line_no"":3,""line_time_beijing"":""2026-04-14T12:46:31+08:00"",""obs_time_beijing"":""2026-04-14T20:46:31.069000+08:00"",""local_target_id"":""105"",""local_track_id"":""track_radar_105"",""global_identity"":null,""target_type"":""unknown"",""target_type_code"":0,""model"":null,""quality"":{""alarm_level"":0,""is_white_list"":false,""trusted_for_fusion"":true,""trust_reason"":null,""magic_ok"":true,""length_ok"":true,""snr"":4.2226948738098145,""confidence"":null,""similarity"":null,""report_count"":1.0}}"
trk_track_radar_105,单设备轨迹,track_radar_105,radar,,,,,,,,,,,,,,,"{""local_track_id"":""track_radar_105""}"
loc_radar_l3_t105,空间位置,"位置:112.770152,28.129081,481m",radar,,,,,,,,112.77015194067374,28.12908078798404,480.5855712890625,,,,,"{""longitude"":112.77015194067374,""latitude"":28.129080787984037,""altitude_m"":480.5855712890625,""relative_height_m"":null,""distance_m"":4059.014404296875,""azimuth_deg"":299.1949462890625,""pitch_deg"":6.242763519287109}"
mot_radar_l3_t105,运动特征,运动:v=29.61m/s heading=84.7deg,radar,,,,,,,,,,,29.605262756347656,,,,"{""speed_mps"":29.605262756347656,""heading_deg"":84.71613311767578,""vx_mps"":2.2156505584716797,""vy_mps"":23.957324981689453,""vz_mps"":48.828819274902344,""ve_mps"":null,""vn_mps"":null,""vu_mps"":null,""vx"":null,""vy"":null,""physical_vx"":null,""physical_vy"":null,""move_direction"":null}"
obs_radar_l5,观测帧,radar观测帧5,radar,,5.0,2026-04-14T12:46:32+08:00,,,,,,,,,,,,"{""line_no"":5,""line_time_beijing"":""2026-04-14T12:46:32+08:00"",""obs_time_beijing"":""2026-04-14T20:46:31.069000+08:00"",""obs_time_ms"":1776170791069,""record_type"":""target""}"
tw_20260414_124632,时间窗口,tw_20260414_124632,system,,,,,,,,,,,,,,,"{""time_window_id"":""tw_20260414_124632""}"
tgt_radar_l5_t29,轨迹点,轨迹点:20:44:07 h=753m v=7.40m/s,radar,,5.0,2026-04-14T12:46:32+08:00,,29.0,,bird,,,,,,,,"{""record_id"":""radar_l5_t29"",""line_no"":5,""line_time_beijing"":""2026-04-14T12:46:32+08:00"",""obs_time_beijing"":""2026-04-14T20:44:07.478000+08:00"",""local_target_id"":""29"",""local_track_id"":""track_radar_29"",""global_identity"":null,""target_type"":""bird"",""target_type_code"":5,""model"":null,""quality"":{""alarm_level"":0,""is_white_list"":false,""trusted_for_fusion"":true,""trust_reason"":null,""magic_ok"":true,""length_ok"":true,""snr"":3.5179624557495117,""confidence"":null,""similarity"":null,""report_count"":42.0}}"
loc_radar_l5_t29,空间位置,"位置:112.753956,28.125117,753m",radar,,,,,,,,112.75395568557032,28.125117469123783,752.89599609375,,,,,"{""longitude"":112.75395568557033,""latitude"":28.125117469123783,""altitude_m"":752.89599609375,""relative_height_m"":null,""distance_m"":5357.1318359375,""azimuth_deg"":286.72052001953125,""pitch_deg"":7.616097450256348}"
mot_radar_l5_t29,运动特征,运动:v=7.40m/s heading=15.6deg,radar,,,,,,,,,,,7.401315689086914,,,,"{""speed_mps"":7.401315689086914,""heading_deg"":15.6395263671875,""vx_mps"":1.2812283039093018,""vy_mps"":0.35867834091186523,""vz_mps"":-15.631917953491211,""ve_mps"":null,""vn_mps"":null,""vu_mps"":null,""vx"":null,""vy"":null,""physical_vx"":null,""physical_vy"":null,""move_direction"":null}"
tgt_radar_l5_t58,轨迹点,轨迹点:20:44:52 h=423m v=4.44m/s,radar,,5.0,2026-04-14T12:46:32+08:00,,58.0,,bird,,,,,,,,"{""record_id"":""radar_l5_t58"",""line_no"":5,""line_time_beijing"":""2026-04-14T12:46:32+08:00"",""obs_time_beijing"":""2026-04-14T20:44:52.828000+08:00"",""local_target_id"":""58"",""local_track_id"":""track_radar_58"",""global_identity"":null,""target_type"":""bird"",""target_type_code"":5,""model"":null,""quality"":{""alarm_level"":0,""is_white_list"":false,""trusted_for_fusion"":true,""trust_reason"":null,""magic_ok"":true,""length_ok"":true,""snr"":1.4886012077331543,""confidence"":null,""similarity"":null,""report_count"":29.0}}"
loc_radar_l5_t58,空间位置,"位置:112.766085,28.126258,423m",radar,,,,,,,,112.76608531077936,28.126258303120128,423.4100646972656,,,,,"{""longitude"":112.76608531077936,""latitude"":28.126258303120128,""altitude_m"":423.4100646972656,""relative_height_m"":null,""distance_m"":4280.048828125,""azimuth_deg"":292.9258117675781,""pitch_deg"":5.16448450088501}"
mot_radar_l5_t58,运动特征,运动:v=4.44m/s heading=20.8deg,radar,,,,,,,,,,,4.440789222717285,,,,"{""speed_mps"":4.440789222717285,""heading_deg"":20.815288543701172,""vx_mps"":8.982414245605469,""vy_mps"":3.414842128753662,""vz_mps"":-1.0893385410308838,""ve_mps"":null,""vn_mps"":null,""vu_mps"":null,""vx"":null,""vy"":null,""physical_vx"":null,""physical_vy"":null,""move_direction"":null}"
tgt_radar_l5_t71,轨迹点,轨迹点:20:45:23 h=166m v=2.96m/s,radar,,5.0,2026-04-14T12:46:32+08:00,,71.0,,bird,,,,,,,,"{""record_id"":""radar_l5_t71"",""line_no"":5,""line_time_beijing"":""2026-04-14T12:46:32+08:00"",""obs_time_beijing"":""2026-04-14T20:45:23.965000+08:00"",""local_target_id"":""71"",""local_track_id"":""track_radar_71"",""global_identity"":null,""target_type"":""bird"",""target_type_code"":5,""model"":null,""quality"":{""alarm_level"":1,""is_white_list"":false,""trusted_for_fusion"":true,""trust_reason"":null,""magic_ok"":true,""length_ok"":true,""snr"":7.237457275390625,""confidence"":null,""similarity"":null,""report_count"":20.0}}"
loc_radar_l5_t71,空间位置,"位置:112.793857,28.109982,166m",radar,,,,,,,,112.79385747252633,28.10998198215866,166.4500274658203,,,,,"{""longitude"":112.79385747252631,""latitude"":28.10998198215866,""altitude_m"":166.4500274658203,""relative_height_m"":null,""distance_m"":1228.3775634765625,""azimuth_deg"":263.59002685546875,""pitch_deg"":6.0356292724609375}"
mot_radar_l5_t71,运动特征,运动:v=2.96m/s heading=103.3deg,radar,,,,,,,,,,,2.96052622795105,,,,"{""speed_mps"":2.96052622795105,""heading_deg"":103.29367065429688,""vx_mps"":-2.414402961730957,""vy_mps"":10.218689918518066,""vz_mps"":-4.266493320465088,""ve_mps"":null,""vn_mps"":null,""vu_mps"":null,""vx"":null,""vy"":null,""physical_vx"":null,""physical_vy"":null,""move_direction"":null}"
tgt_radar_l5_t74,轨迹点,轨迹点:20:45:27 h=233m v=5.92m/s,radar,,5.0,2026-04-14T12:46:32+08:00,,74.0,,bird,,,,,,,,"{""record_id"":""radar_l5_t74"",""line_no"":5,""line_time_beijing"":""2026-04-14T12:46:32+08:00"",""obs_time_beijing"":""2026-04-14T20:45:27.490000+08:00"",""local_target_id"":""74"",""local_track_id"":""track_radar_74"",""global_identity"":null,""target_type"":""bird"",""target_type_code"":5,""model"":null,""quality"":{""alarm_level"":4,""is_white_list"":false,""trusted_for_fusion"":true,""trust_reason"":null,""magic_ok"":true,""length_ok"":true,""snr"":25.061626434326172,""confidence"":null,""similarity"":null,""report_count"":19.0}}"
loc_radar_l5_t74,空间位置,"位置:112.790094,28.106253,233m",radar,,,,,,,,112.79009359986874,28.106253311510866,233.396484375,,,,,"{""longitude"":112.79009359986874,""latitude"":28.106253311510866,""altitude_m"":233.396484375,""relative_height_m"":null,""distance_m"":1682.201171875,""azimuth_deg"":250.9046173095703,""pitch_deg"":6.673566818237305}"
mot_radar_l5_t74,运动特征,运动:v=5.92m/s heading=147.7deg,radar,,,,,,,,,,,5.9210524559021,,,,"{""speed_mps"":5.9210524559021,""heading_deg"":147.71054077148438,""vx_mps"":-6.91100549697876,""vy_mps"":4.367176532745361,""vz_mps"":0.9609534740447998,""ve_mps"":null,""vn_mps"":null,""vu_mps"":null,""vx"":null,""vy"":null,""physical_vx"":null,""physical_vy"":null,""move_direction"":null}"
tgt_radar_l5_t75,轨迹点,轨迹点:20:45:28 h=162m v=11.84m/s,radar,,5.0,2026-04-14T12:46:32+08:00,,75.0,,bird,,,,,,,,"{""record_id"":""radar_l5_t75"",""line_no"":5,""line_time_beijing"":""2026-04-14T12:46:32+08:00"",""obs_time_beijing"":""2026-04-14T20:45:28.258000+08:00"",""local_target_id"":""75"",""local_track_id"":""track_radar_75"",""global_identity"":null,""target_type"":""bird"",""target_type_code"":5,""model"":null,""quality"":{""alarm_level"":1,""is_white_list"":false,""trusted_for_fusion"":true,""trust_reason"":null,""magic_ok"":true,""length_ok"":true,""snr"":4.905200958251953,""confidence"":null,""similarity"":null,""report_count"":18.0}}"
loc_radar_l5_t75,空间位置,"位置:112.799076,28.115958,162m",radar,,,,,,,,112.7990758334066,28.115957744833853,162.0523681640625,,,,,"{""longitude"":112.79907583340659,""latitude"":28.115957744833853,""altitude_m"":162.0523681640625,""relative_height_m"":null,""distance_m"":882.4397583007812,""azimuth_deg"":306.5143737792969,""pitch_deg"":8.093164443969727}"
mot_radar_l5_t75,运动特征,运动:v=11.84m/s heading=156.9deg,radar,,,,,,,,,,,11.8421049118042,,,,"{""speed_mps"":11.8421049118042,""heading_deg"":156.90463256835938,""vx_mps"":-13.04456901550293,""vy_mps"":5.5627312660217285,""vz_mps"":0.631804347038269,""ve_mps"":null,""vn_mps"":null,""vu_mps"":null,""vx"":null,""vy"":null,""physical_vx"":null,""physical_vy"":null,""move_direction"":null}"
tgt_radar_l5_t79,轨迹点,轨迹点:20:45:33 h=419m v=5.92m/s,radar,,5.0,2026-04-14T12:46:32+08:00,,79.0,,bird,,,,,,,,"{""record_id"":""radar_l5_t79"",""line_no"":5,""line_time_beijing"":""2026-04-14T12:46:32+08:00"",""obs_time_beijing"":""2026-04-14T20:45:33.972000+08:00"",""local_target_id"":""79"",""local_track_id"":""track_radar_79"",""global_identity"":null,""target_type"":""bird"",""target_type_code"":5,""model"":null,""quality"":{""alarm_level"":0,""is_white_list"":false,""trusted_for_fusion"":true,""trust_reason"":null,""magic_ok"":true,""length_ok"":true,""snr"":2.7565581798553467,""confidence"":null,""similarity"":null,""report_count"":17.0}}"
loc_radar_l5_t79,空间位置,"位置:112.805896,28.084039,419m",radar,,,,,,,,112.80589602462535,28.084039416663504,419.1423950195313,,,,,"{""longitude"":112.80589602462537,""latitude"":28.084039416663504,""altitude_m"":419.14239501953125,""relative_height_m"":null,""distance_m"":3012.510009765625,""azimuth_deg"":180.7769012451172,""pitch_deg"":7.237510681152344}"
mot_radar_l5_t79,运动特征,运动:v=5.92m/s heading=90.9deg,radar,,,,,,,,,,,5.9210524559021,,,,"{""speed_mps"":5.9210524559021,""heading_deg"":90.9087142944336,""vx_mps"":-0.12047195434570312,""vy_mps"":7.595340251922607,""vz_mps"":-12.25887393951416,""ve_mps"":null,""vn_mps"":null,""vu_mps"":null,""vx"":null,""vy"":null,""physical_vx"":null,""physical_vy"":null,""move_direction"":null}"
tgt_radar_l5_t80,轨迹点,轨迹点:20:45:33 h=180m v=5.92m/s,radar,,5.0,2026-04-14T12:46:32+08:00,,80.0,,bird,,,,,,,,"{""record_id"":""radar_l5_t80"",""line_no"":5,""line_time_beijing"":""2026-04-14T12:46:32+08:00"",""obs_time_beijing"":""2026-04-14T20:45:33.974000+08:00"",""local_target_id"":""80"",""local_track_id"":""track_radar_80"",""global_identity"":null,""target_type"":""bird"",""target_type_code"":5,""model"":null,""quality"":{""alarm_level"":0,""is_white_list"":false,""trusted_for_fusion"":true,""trust_reason"":null,""magic_ok"":true,""length_ok"":true,""snr"":2.403120517730713,""confidence"":null,""similarity"":null,""report_count"":17.0}}"
loc_radar_l5_t80,空间位置,"位置:112.803936,28.074071,180m",radar,,,,,,,,112.80393605516522,28.074071179418308,179.533203125,,,,,"{""longitude"":112.80393605516522,""latitude"":28.074071179418308,""altitude_m"":179.533203125,""relative_height_m"":null,""distance_m"":4123.52587890625,""azimuth_deg"":183.23928833007812,""pitch_deg"":1.9856570959091187}"
mot_radar_l5_t80,运动特征,运动:v=5.92m/s heading=155.9deg,radar,,,,,,,,,,,5.9210524559021,,,,"{""speed_mps"":5.9210524559021,""heading_deg"":155.9003448486328,""vx_mps"":-20.109405517578125,""vy_mps"":8.995223045349121,""vz_mps"":-5.234146595001221,""ve_mps"":null,""vn_mps"":null,""vu_mps"":null,""vx"":null,""vy"":null,""physical_vx"":null,""physical_vy"":null,""move_direction"":null}"
tgt_radar_l5_t81,轨迹点,轨迹点:20:45:34 h=230m v=1.48m/s,radar,,5.0,2026-04-14T12:46:32+08:00,,81.0,,bird,,,,,,,,"{""record_id"":""radar_l5_t81"",""line_no"":5,""line_time_beijing"":""2026-04-14T12:46:32+08:00"",""obs_time_beijing"":""2026-04-14T20:45:34.091000+08:00"",""local_target_id"":""81"",""local_track_id"":""track_radar_81"",""global_identity"":null,""target_type"":""bird"",""target_type_code"":5,""model"":null,""quality"":{""alarm_level"":0,""is_white_list"":false,""trusted_for_fusion"":true,""trust_reason"":null,""magic_ok"":true,""length_ok"":true,""snr"":4.101625442504883,""confidence"":null,""similarity"":null,""report_count"":17.0}}"
loc_radar_l5_t81,空间位置,"位置:112.797856,28.072285,230m",radar,,,,,,,,112.79785572720742,28.07228532747661,230.12667846679688,,,,,"{""longitude"":112.79785572720742,""latitude"":28.07228532747661,""altitude_m"":230.12667846679688,""relative_height_m"":null,""distance_m"":4393.763671875,""azimuth_deg"":190.87728881835938,""pitch_deg"":2.5223968029022217}"
mot_radar_l5_t81,运动特征,运动:v=1.48m/s heading=168.3deg,radar,,,,,,,,,,,1.480263113975525,,,,"{""speed_mps"":1.480263113975525,""heading_deg"":168.3043212890625,""vx_mps"":-24.090396881103516,""vy_mps"":4.986990928649902,""vz_mps"":-5.574622631072998,""ve_mps"":null,""vn_mps"":null,""vu_mps"":null,""vx"":null,""vy"":null,""physical_vx"":null,""physical_vy"":null,""move_direction"":null}"
tgt_radar_l5_t87,轨迹点,轨迹点:20:45:48 h=299m v=14.80m/s,radar,,5.0,2026-04-14T12:46:32+08:00,,87.0,,bird,,,,,,,,"{""record_id"":""radar_l5_t87"",""line_no"":5,""line_time_beijing"":""2026-04-14T12:46:32+08:00"",""obs_time_beijing"":""2026-04-14T20:45:48.807000+08:00"",""local_target_id"":""87"",""local_track_id"":""track_radar_87"",""global_identity"":null,""target_type"":""bird"",""target_type_code"":5,""model"":null,""quality"":{""alarm_level"":1,""is_white_list"":false,""trusted_for_fusion"":true,""trust_reason"":null,""magic_ok"":true,""length_ok"":true,""snr"":19.694110870361328,""confidence"":null,""similarity"":null,""report_count"":13.0}}"
loc_radar_l5_t87,空间位置,"位置:112.793137,28.111881,299m",radar,,,,,,,,112.79313681423136,28.111880775736285,298.6061706542969,,,,,"{""longitude"":112.79313681423135,""latitude"":28.111880775736285,""altitude_m"":298.6061706542969,""relative_height_m"":null,""distance_m"":1293.3837890625,""azimuth_deg"":273.24884033203125,""pitch_deg"":11.452957153320312}"
mot_radar_l5_t87,运动特征,运动:v=14.80m/s heading=3.2deg,radar,,,,,,,,,,,14.802631378173828,,,,"{""speed_mps"":14.802631378173828,""heading_deg"":3.1685659885406494,""vx_mps"":12.379359245300293,""vy_mps"":0.6853009462356567,""vz_mps"":0.38654598593711853,""ve_mps"":null,""vn_mps"":null,""vu_mps"":null,""vx"":null,""vy"":null,""physical_vx"":null,""physical_vy"":null,""move_direction"":null}"
tgt_radar_l5_t88,轨迹点,轨迹点:20:45:53 h=558m v=7.40m/s,radar,,5.0,2026-04-14T12:46:32+08:00,,88.0,,bird,,,,,,,,"{""record_id"":""radar_l5_t88"",""line_no"":5,""line_time_beijing"":""2026-04-14T12:46:32+08:00"",""obs_time_beijing"":""2026-04-14T20:45:53.204000+08:00"",""local_target_id"":""88"",""local_track_id"":""track_radar_88"",""global_identity"":null,""target_type"":""bird"",""target_type_code"":5,""model"":null,""quality"":{""alarm_level"":0,""is_white_list"":false,""trusted_for_fusion"":true,""trust_reason"":null,""magic_ok"":true,""length_ok"":true,""snr"":3.378905773162842,""confidence"":null,""similarity"":null,""report_count"":12.0}}"
loc_radar_l5_t88,空间位置,"位置:112.819534,28.177146,558m",radar,,,,,,,,112.81953367162744,28.177146093086865,557.6392211914062,,,,,"{""longitude"":112.81953367162745,""latitude"":28.177146093086865,""altitude_m"":557.6392211914062,""relative_height_m"":null,""distance_m"":7420.1142578125,""azimuth_deg"":10.050589561462402,""pitch_deg"":4.016937732696533}"
mot_radar_l5_t88,运动特征,运动:v=7.40m/s heading=-170.8deg,radar,,,,,,,,,,,7.401315689086914,,,,"{""speed_mps"":7.401315689086914,""heading_deg"":-170.76612854003906,""vx_mps"":-11.265832901000977,""vy_mps"":-1.831502079963684,""vz_mps"":17.090110778808594,""ve_mps"":null,""vn_mps"":null,""vu_mps"":null,""vx"":null,""vy"":null,""physical_vx"":null,""physical_vy"":null,""move_direction"":null}"
tgt_radar_l5_t89,轨迹点,轨迹点:20:45:53 h=357m v=11.84m/s,radar,,5.0,2026-04-14T12:46:32+08:00,,89.0,,bird,,,,,,,,"{""record_id"":""radar_l5_t89"",""line_no"":5,""line_time_beijing"":""2026-04-14T12:46:32+08:00"",""obs_time_beijing"":""2026-04-14T20:45:53.620000+08:00"",""local_target_id"":""89"",""local_track_id"":""track_radar_89"",""global_identity"":null,""target_type"":""bird"",""target_type_code"":5,""model"":null,""quality"":{""alarm_level"":1,""is_white_list"":false,""trusted_for_fusion"":true,""trust_reason"":null,""magic_ok"":true,""length_ok"":true,""snr"":21.45528221130371,""confidence"":null,""similarity"":null,""report_count"":12.0}}"
loc_radar_l5_t89,空间位置,"位置:112.813661,28.119484,357m",radar,,,,,,,,112.81366064020716,28.11948356086828,357.2327880859375,,,,,"{""longitude"":112.81366064020716,""latitude"":28.11948356086828,""altitude_m"":357.2327880859375,""relative_height_m"":null,""distance_m"":1165.007568359375,""azimuth_deg"":38.177162170410156,""pitch_deg"":15.389314651489258}"
mot_radar_l5_t89,运动特征,运动:v=11.84m/s heading=56.9deg,radar,,,,,,,,,,,11.8421049118042,,,,"{""speed_mps"":11.8421049118042,""heading_deg"":56.87937545776367,""vx_mps"":8.720137596130371,""vy_mps"":13.366144180297852,""vz_mps"":0.40179383754730225,""ve_mps"":null,""vn_mps"":null,""vu_mps"":null,""vx"":null,""vy"":null,""physical_vx"":null,""physical_vy"":null,""move_direction"":null}"
tgt_radar_l5_t94,轨迹点,轨迹点:20:46:07 h=117m v=7.40m/s,radar,,5.0,2026-04-14T12:46:32+08:00,,94.0,,bird,,,,,,,,"{""record_id"":""radar_l5_t94"",""line_no"":5,""line_time_beijing"":""2026-04-14T12:46:32+08:00"",""obs_time_beijing"":""2026-04-14T20:46:07.580000+08:00"",""local_target_id"":""94"",""local_track_id"":""track_radar_94"",""global_identity"":null,""target_type"":""bird"",""target_type_code"":5,""model"":null,""quality"":{""alarm_level"":1,""is_white_list"":false,""trusted_for_fusion"":true,""trust_reason"":null,""magic_ok"":true,""length_ok"":true,""snr"":16.924053192138672,""confidence"":null,""similarity"":null,""report_count"":8.0}}"
loc_radar_l5_t94,空间位置,"位置:112.814704,28.118442,117m",radar,,,,,,,,112.81470380357318,28.118442157424308,116.59008026123048,,,,,"{""longitude"":112.81470380357318,""latitude"":28.118442157424308,""altitude_m"":116.59008026123047,""relative_height_m"":null,""distance_m"":1147.5499267578125,""azimuth_deg"":45.7735710144043,""pitch_deg"":3.98884916305542}"
mot_radar_l5_t94,运动特征,运动:v=7.40m/s heading=54.0deg,radar,,,,,,,,,,,7.401315689086914,,,,"{""speed_mps"":7.401315689086914,""heading_deg"":53.96980285644531,""vx_mps"":2.2337396144866943,""vy_mps"":3.0710737705230713,""vz_mps"":-0.05896139144897461,""ve_mps"":null,""vn_mps"":null,""vu_mps"":null,""vx"":null,""vy"":null,""physical_vx"":null,""physical_vy"":null,""move_direction"":null}"
tgt_radar_l5_t95,轨迹点,轨迹点:20:46:12 h=288m v=2.96m/s,radar,,5.0,2026-04-14T12:46:32+08:00,,95.0,,bird,,,,,,,,"{""record_id"":""radar_l5_t95"",""line_no"":5,""line_time_beijing"":""2026-04-14T12:46:32+08:00"",""obs_time_beijing"":""2026-04-14T20:46:12.236000+08:00"",""local_target_id"":""95"",""local_track_id"":""track_radar_95"",""global_identity"":null,""target_type"":""bird"",""target_type_code"":5,""model"":null,""quality"":{""alarm_level"":0,""is_white_list"":false,""trusted_for_fusion"":true,""trust_reason"":null,""magic_ok"":true,""length_ok"":true,""snr"":4.3420305252075195,""confidence"":null,""similarity"":null,""report_count"":6.0}}"
loc_radar_l5_t95,空间位置,"位置:112.821698,28.078460,288m",radar,,,,,,,,112.8216976945058,28.078459792271246,287.7716369628906,,,,,"{""longitude"":112.82169769450581,""latitude"":28.078459792271246,""altitude_m"":287.7716369628906,""relative_height_m"":null,""distance_m"":3931.326416015625,""azimuth_deg"":157.439697265625,""pitch_deg"":3.6560826301574707}"
mot_radar_l5_t95,运动特征,运动:v=2.96m/s heading=17.6deg,radar,,,,,,,,,,,2.96052622795105,,,,"{""speed_mps"":2.96052622795105,""heading_deg"":17.599267959594727,""vx_mps"":20.244775772094727,""vy_mps"":6.421736717224121,""vz_mps"":3.715238571166992,""ve_mps"":null,""vn_mps"":null,""vu_mps"":null,""vx"":null,""vy"":null,""physical_vx"":null,""physical_vy"":null,""move_direction"":null}"
tgt_radar_l5_t96,轨迹点,轨迹点:20:46:12 h=528m v=7.40m/s,radar,,5.0,2026-04-14T12:46:32+08:00,,96.0,,bird,,,,,,,,"{""record_id"":""radar_l5_t96"",""line_no"":5,""line_time_beijing"":""2026-04-14T12:46:32+08:00"",""obs_time_beijing"":""2026-04-14T20:46:12.349000+08:00"",""local_target_id"":""96"",""local_track_id"":""track_radar_96"",""global_identity"":null,""target_type"":""bird"",""target_type_code"":5,""model"":null,""quality"":{""alarm_level"":0,""is_white_list"":false,""trusted_for_fusion"":true,""trust_reason"":null,""magic_ok"":true,""length_ok"":true,""snr"":2.3169782161712646,""confidence"":null,""similarity"":null,""report_count"":6.0}}"
loc_radar_l5_t96,空间位置,"位置:112.797048,28.080204,528m",radar,,,,,,,,112.79704809343188,28.08020393024952,528.3697509765625,,,,,"{""longitude"":112.79704809343188,""latitude"":28.080203930249517,""altitude_m"":528.3697509765625,""relative_height_m"":null,""distance_m"":3555.228271484375,""azimuth_deg"":194.80128479003906,""pitch_deg"":7.875823497772217}"
mot_radar_l5_t96,运动特征,运动:v=7.40m/s heading=171.4deg,radar,,,,,,,,,,,7.401315689086914,,,,"{""speed_mps"":7.401315689086914,""heading_deg"":171.4429931640625,""vx_mps"":-68.54891204833984,""vy_mps"":10.314447402954102,""vz_mps"":23.88348960876465,""ve_mps"":null,""vn_mps"":null,""vu_mps"":null,""vx"":null,""vy"":null,""physical_vx"":null,""physical_vy"":null,""move_direction"":null}"
tgt_radar_l5_t97,轨迹点,轨迹点:20:46:12 h=326m v=5.92m/s,radar,,5.0,2026-04-14T12:46:32+08:00,,97.0,,bird,,,,,,,,"{""record_id"":""radar_l5_t97"",""line_no"":5,""line_time_beijing"":""2026-04-14T12:46:32+08:00"",""obs_time_beijing"":""2026-04-14T20:46:12.423000+08:00"",""local_target_id"":""97"",""local_track_id"":""track_radar_97"",""global_identity"":null,""target_type"":""bird"",""target_type_code"":5,""model"":null,""quality"":{""alarm_level"":0,""is_white_list"":false,""trusted_for_fusion"":true,""trust_reason"":null,""magic_ok"":true,""length_ok"":true,""snr"":2.8086624145507812,""confidence"":null,""similarity"":null,""report_count"":6.0}}"
loc_radar_l5_t97,空间位置,"位置:112.804625,28.078385,326m",radar,,,,,,,,112.8046253650043,28.078385009902,326.30743408203125,,,,,"{""longitude"":112.8046253650043,""latitude"":28.078385009901996,""altitude_m"":326.30743408203125,""relative_height_m"":null,""distance_m"":3642.62646484375,""azimuth_deg"":182.60281372070312,""pitch_deg"":4.54777717590332}"
mot_radar_l5_t97,运动特征,运动:v=5.92m/s heading=168.9deg,radar,,,,,,,,,,,5.9210524559021,,,,"{""speed_mps"":5.9210524559021,""heading_deg"":168.94789123535156,""vx_mps"":-6.020914077758789,""vy_mps"":1.1760303974151611,""vz_mps"":12.960710525512695,""ve_mps"":null,""vn_mps"":null,""vu_mps"":null,""vx"":null,""vy"":null,""physical_vx"":null,""physical_vy"":null,""move_direction"":null}"
tgt_radar_l5_t100,轨迹点,轨迹点:20:46:15 h=312m v=10.36m/s,radar,,5.0,2026-04-14T12:46:32+08:00,,100.0,,bird,,,,,,,,"{""record_id"":""radar_l5_t100"",""line_no"":5,""line_time_beijing"":""2026-04-14T12:46:32+08:00"",""obs_time_beijing"":""2026-04-14T20:46:15.411000+08:00"",""local_target_id"":""100"",""local_track_id"":""track_radar_100"",""global_identity"":null,""target_type"":""bird"",""target_type_code"":5,""model"":null,""quality"":{""alarm_level"":0,""is_white_list"":false,""trusted_for_fusion"":true,""trust_reason"":null,""magic_ok"":true,""length_ok"":true,""snr"":2.8826024532318115,""confidence"":null,""similarity"":null,""report_count"":6.0}}"
loc_radar_l5_t100,空间位置,"位置:112.841699,28.085175,312m",radar,,,,,,,,112.84169892883158,28.085175232658987,311.71221923828125,,,,,"{""longitude"":112.84169892883158,""latitude"":28.085175232658987,""altitude_m"":311.71221923828125,""relative_height_m"":null,""distance_m"":4512.35595703125,""azimuth_deg"":129.75790405273438,""pitch_deg"":3.489306688308716}"
mot_radar_l5_t100,运动特征,运动:v=10.36m/s heading=-45.3deg,radar,,,,,,,,,,,10.361842155456545,,,,"{""speed_mps"":10.361842155456543,""heading_deg"":-45.34122085571289,""vx_mps"":8.217291831970215,""vy_mps"":-8.315753936767578,""vz_mps"":-5.1476545333862305,""ve_mps"":null,""vn_mps"":null,""vu_mps"":null,""vx"":null,""vy"":null,""physical_vx"":null,""physical_vy"":null,""move_direction"":null}"
tgt_radar_l5_t101,轨迹点,轨迹点:20:46:16 h=354m v=1.48m/s,radar,,5.0,2026-04-14T12:46:32+08:00,,101.0,,unknown,,,,,,,,"{""record_id"":""radar_l5_t101"",""line_no"":5,""line_time_beijing"":""2026-04-14T12:46:32+08:00"",""obs_time_beijing"":""2026-04-14T20:46:16.107000+08:00"",""local_target_id"":""101"",""local_track_id"":""track_radar_101"",""global_identity"":null,""target_type"":""unknown"",""target_type_code"":0,""model"":null,""quality"":{""alarm_level"":0,""is_white_list"":false,""trusted_for_fusion"":true,""trust_reason"":null,""magic_ok"":true,""length_ok"":true,""snr"":2.8711578845977783,""confidence"":null,""similarity"":null,""report_count"":5.0}}"
loc_radar_l5_t101,空间位置,"位置:112.789696,28.063778,354m",radar,,,,,,,,112.7896956282296,28.063778156471848,354.4422607421875,,,,,"{""longitude"":112.78969562822961,""latitude"":28.063778156471848,""altitude_m"":354.4422607421875,""relative_height_m"":null,""distance_m"":5504.1943359375,""azimuth_deg"":197.2179718017578,""pitch_deg"":3.3052124977111816}"
mot_radar_l5_t101,运动特征,运动:v=1.48m/s heading=156.1deg,radar,,,,,,,,,,,1.480263113975525,,,,"{""speed_mps"":1.480263113975525,""heading_deg"":156.05169677734375,""vx_mps"":-7.968048572540283,""vy_mps"":3.5389938354492188,""vz_mps"":-4.263239860534668,""ve_mps"":null,""vn_mps"":null,""vu_mps"":null,""vx"":null,""vy"":null,""physical_vx"":null,""physical_vy"":null,""move_direction"":null}"
tgt_radar_l5_t102,轨迹点,轨迹点:20:46:20 h=368m v=5.92m/s,radar,,5.0,2026-04-14T12:46:32+08:00,,102.0,,unknown,,,,,,,,"{""record_id"":""radar_l5_t102"",""line_no"":5,""line_time_beijing"":""2026-04-14T12:46:32+08:00"",""obs_time_beijing"":""2026-04-14T20:46:20.849000+08:00"",""local_target_id"":""102"",""local_track_id"":""track_radar_102"",""global_identity"":null,""target_type"":""unknown"",""target_type_code"":0,""model"":null,""quality"":{""alarm_level"":0,""is_white_list"":false,""trusted_for_fusion"":true,""trust_reason"":null,""magic_ok"":true,""length_ok"":true,""snr"":3.448373794555664,""confidence"":null,""similarity"":null,""report_count"":4.0}}"
loc_radar_l5_t102,空间位置,"位置:112.784639,28.143461,368m",radar,,,,,,,,112.78463865930064,28.143461444699224,368.0798645019531,,,,,"{""longitude"":112.78463865930065,""latitude"":28.143461444699224,""altitude_m"":368.0798645019531,""relative_height_m"":null,""distance_m"":4156.66943359375,""azimuth_deg"":329.2777404785156,""pitch_deg"":4.559899806976318}"
mot_radar_l5_t102,运动特征,运动:v=5.92m/s heading=3.0deg,radar,,,,,,,,,,,5.9210524559021,,,,"{""speed_mps"":5.9210524559021,""heading_deg"":2.9938278198242188,""vx_mps"":48.6069221496582,""vy_mps"":2.5421302318573,""vz_mps"":1.8810539245605469,""ve_mps"":null,""vn_mps"":null,""vu_mps"":null,""vx"":null,""vy"":null,""physical_vx"":null,""physical_vy"":null,""move_direction"":null}"
tgt_radar_l5_t103,轨迹点,轨迹点:20:46:26 h=196m v=2.96m/s,radar,,5.0,2026-04-14T12:46:32+08:00,,103.0,,unknown,,,,,,,,"{""record_id"":""radar_l5_t103"",""line_no"":5,""line_time_beijing"":""2026-04-14T12:46:32+08:00"",""obs_time_beijing"":""2026-04-14T20:46:26.477000+08:00"",""local_target_id"":""103"",""local_track_id"":""track_radar_103"",""global_identity"":null,""target_type"":""unknown"",""target_type_code"":0,""model"":null,""quality"":{""alarm_level"":0,""is_white_list"":false,""trusted_for_fusion"":true,""trust_reason"":null,""magic_ok"":true,""length_ok"":true,""snr"":7.36226224899292,""confidence"":null,""similarity"":null,""report_count"":2.0}}"
loc_radar_l5_t103,空间位置,"位置:112.804486,28.077829,196m",radar,,,,,,,,112.80448553978094,28.077829006847,196.25509643554688,,,,,"{""longitude"":112.80448553978094,""latitude"":28.077829006847,""altitude_m"":196.25509643554688,""relative_height_m"":null,""distance_m"":3704.819091796875,""azimuth_deg"":182.77133178710938,""pitch_deg"":2.4680347442626953}"
mot_radar_l5_t103,运动特征,运动:v=2.96m/s heading=87.2deg,radar,,,,,,,,,,,2.96052622795105,,,,"{""speed_mps"":2.96052622795105,""heading_deg"":87.21000671386719,""vx_mps"":0.14399616420269012,""vy_mps"":2.9547922611236572,""vz_mps"":-0.11481845378875732,""ve_mps"":null,""vn_mps"":null,""vu_mps"":null,""vx"":null,""vy"":null,""physical_vx"":null,""physical_vy"":null,""move_direction"":null}"
tgt_radar_l5_t104,轨迹点,轨迹点:20:46:28 h=108m v=20.72m/s,radar,,5.0,2026-04-14T12:46:32+08:00,,104.0,,unknown,,,,,,,,"{""record_id"":""radar_l5_t104"",""line_no"":5,""line_time_beijing"":""2026-04-14T12:46:32+08:00"",""obs_time_beijing"":""2026-04-14T20:46:28.275000+08:00"",""local_target_id"":""104"",""local_track_id"":""track_radar_104"",""global_identity"":null,""target_type"":""unknown"",""target_type_code"":0,""model"":null,""quality"":{""alarm_level"":1,""is_white_list"":false,""trusted_for_fusion"":true,""trust_reason"":null,""magic_ok"":true,""length_ok"":true,""snr"":24.915725708007812,""confidence"":null,""similarity"":null,""report_count"":1.0}}"
loc_radar_l5_t104,空间位置,"位置:112.808830,28.122362,108m",radar,,,,,,,,112.80883032107938,28.12236187275841,107.84617614746094,,,,,"{""longitude"":112.80883032107938,""latitude"":28.12236187275841,""altitude_m"":107.84617614746094,""relative_height_m"":null,""distance_m"":1259.1878662109375,""azimuth_deg"":11.299210548400879,""pitch_deg"":3.2397634983062744}"
mot_radar_l5_t104,运动特征,运动:v=20.72m/s heading=-97.7deg,radar,,,,,,,,,,,20.72368431091309,,,,"{""speed_mps"":20.723684310913086,""heading_deg"":-97.74303436279297,""vx_mps"":-2.6035125255584717,""vy_mps"":-19.14767837524414,""vz_mps"":-1.334564208984375,""ve_mps"":null,""vn_mps"":null,""vu_mps"":null,""vx"":null,""vy"":null,""physical_vx"":null,""physical_vy"":null,""move_direction"":null}"
tgt_radar_l5_t105,轨迹点,轨迹点:20:46:31 h=481m v=29.61m/s,radar,,5.0,2026-04-14T12:46:32+08:00,,105.0,,unknown,,,,,,,,"{""record_id"":""radar_l5_t105"",""line_no"":5,""line_time_beijing"":""2026-04-14T12:46:32+08:00"",""obs_time_beijing"":""2026-04-14T20:46:31.069000+08:00"",""local_target_id"":""105"",""local_track_id"":""track_radar_105"",""global_identity"":null,""target_type"":""unknown"",""target_type_code"":0,""model"":null,""quality"":{""alarm_level"":0,""is_white_list"":false,""trusted_for_fusion"":true,""trust_reason"":null,""magic_ok"":true,""length_ok"":true,""snr"":4.2226948738098145,""confidence"":null,""similarity"":null,""report_count"":1.0}}"
loc_radar_l5_t105,空间位置,"位置:112.770152,28.129081,481m",radar,,,,,,,,112.77015194067374,28.12908078798404,480.5855712890625,,,,,"{""longitude"":112.77015194067374,""latitude"":28.129080787984037,""altitude_m"":480.5855712890625,""relative_height_m"":null,""distance_m"":4059.014404296875,""azimuth_deg"":299.1949462890625,""pitch_deg"":6.242763519287109}"
mot_radar_l5_t105,运动特征,运动:v=29.61m/s heading=84.7deg,radar,,,,,,,,,,,29.605262756347656,,,,"{""speed_mps"":29.605262756347656,""heading_deg"":84.71613311767578,""vx_mps"":2.2156505584716797,""vy_mps"":23.957324981689453,""vz_mps"":48.828819274902344,""ve_mps"":null,""vn_mps"":null,""vu_mps"":null,""vx"":null,""vy"":null,""physical_vx"":null,""physical_vy"":null,""move_direction"":null}"
obs_radar_l7,观测帧,radar观测帧7,radar,,7.0,2026-04-14T12:46:33+08:00,,,,,,,,,,,,"{""line_no"":7,""line_time_beijing"":""2026-04-14T12:46:33+08:00"",""obs_time_beijing"":""2026-04-14T20:46:33.134000+08:00"",""obs_time_ms"":1776170793134,""record_type"":""target""}"
tw_20260414_124633,时间窗口,tw_20260414_124633,system,,,,,,,,,,,,,,,"{""time_window_id"":""tw_20260414_124633""}"
tgt_radar_l7_t29,轨迹点,轨迹点:20:44:07 h=753m v=7.40m/s,radar,,7.0,2026-04-14T12:46:33+08:00,,29.0,,bird,,,,,,,,"{""record_id"":""radar_l7_t29"",""line_no"":7,""line_time_beijing"":""2026-04-14T12:46:33+08:00"",""obs_time_beijing"":""2026-04-14T20:44:07.478000+08:00"",""local_target_id"":""29"",""local_track_id"":""track_radar_29"",""global_identity"":null,""target_type"":""bird"",""target_type_code"":5,""model"":null,""quality"":{""alarm_level"":0,""is_white_list"":false,""trusted_for_fusion"":true,""trust_reason"":null,""magic_ok"":true,""length_ok"":true,""snr"":3.5179624557495117,""confidence"":null,""similarity"":null,""report_count"":42.0}}"
loc_radar_l7_t29,空间位置,"位置:112.753956,28.125117,753m",radar,,,,,,,,112.75395568557032,28.125117469123783,752.89599609375,,,,,"{""longitude"":112.75395568557033,""latitude"":28.125117469123783,""altitude_m"":752.89599609375,""relative_height_m"":null,""distance_m"":5357.1318359375,""azimuth_deg"":286.72052001953125,""pitch_deg"":7.616097450256348}"
mot_radar_l7_t29,运动特征,运动:v=7.40m/s heading=15.6deg,radar,,,,,,,,,,,7.401315689086914,,,,"{""speed_mps"":7.401315689086914,""heading_deg"":15.6395263671875,""vx_mps"":1.2812283039093018,""vy_mps"":0.35867834091186523,""vz_mps"":-15.631917953491211,""ve_mps"":null,""vn_mps"":null,""vu_mps"":null,""vx"":null,""vy"":null,""physical_vx"":null,""physical_vy"":null,""move_direction"":null}"
tgt_radar_l7_t58,轨迹点,轨迹点:20:44:52 h=423m v=4.44m/s,radar,,7.0,2026-04-14T12:46:33+08:00,,58.0,,bird,,,,,,,,"{""record_id"":""radar_l7_t58"",""line_no"":7,""line_time_beijing"":""2026-04-14T12:46:33+08:00"",""obs_time_beijing"":""2026-04-14T20:44:52.828000+08:00"",""local_target_id"":""58"",""local_track_id"":""track_radar_58"",""global_identity"":null,""target_type"":""bird"",""target_type_code"":5,""model"":null,""quality"":{""alarm_level"":0,""is_white_list"":false,""trusted_for_fusion"":true,""trust_reason"":null,""magic_ok"":true,""length_ok"":true,""snr"":1.4886012077331543,""confidence"":null,""similarity"":null,""report_count"":29.0}}"
loc_radar_l7_t58,空间位置,"位置:112.766085,28.126258,423m",radar,,,,,,,,112.76608531077936,28.126258303120128,423.4100646972656,,,,,"{""longitude"":112.76608531077936,""latitude"":28.126258303120128,""altitude_m"":423.4100646972656,""relative_height_m"":null,""distance_m"":4280.048828125,""azimuth_deg"":292.9258117675781,""pitch_deg"":5.16448450088501}"
mot_radar_l7_t58,运动特征,运动:v=4.44m/s heading=20.8deg,radar,,,,,,,,,,,4.440789222717285,,,,"{""speed_mps"":4.440789222717285,""heading_deg"":20.815288543701172,""vx_mps"":8.982414245605469,""vy_mps"":3.414842128753662,""vz_mps"":-1.0893385410308838,""ve_mps"":null,""vn_mps"":null,""vu_mps"":null,""vx"":null,""vy"":null,""physical_vx"":null,""physical_vy"":null,""move_direction"":null}"
tgt_radar_l7_t71,轨迹点,轨迹点:20:45:23 h=166m v=2.96m/s,radar,,7.0,2026-04-14T12:46:33+08:00,,71.0,,bird,,,,,,,,"{""record_id"":""radar_l7_t71"",""line_no"":7,""line_time_beijing"":""2026-04-14T12:46:33+08:00"",""obs_time_beijing"":""2026-04-14T20:45:23.965000+08:00"",""local_target_id"":""71"",""local_track_id"":""track_radar_71"",""global_identity"":null,""target_type"":""bird"",""target_type_code"":5,""model"":null,""quality"":{""alarm_level"":1,""is_white_list"":false,""trusted_for_fusion"":true,""trust_reason"":null,""magic_ok"":true,""length_ok"":true,""snr"":7.237457275390625,""confidence"":null,""similarity"":null,""report_count"":20.0}}"
loc_radar_l7_t71,空间位置,"位置:112.793857,28.109982,166m",radar,,,,,,,,112.79385747252633,28.10998198215866,166.4500274658203,,,,,"{""longitude"":112.79385747252631,""latitude"":28.10998198215866,""altitude_m"":166.4500274658203,""relative_height_m"":null,""distance_m"":1228.3775634765625,""azimuth_deg"":263.59002685546875,""pitch_deg"":6.0356292724609375}"
mot_radar_l7_t71,运动特征,运动:v=2.96m/s heading=103.3deg,radar,,,,,,,,,,,2.96052622795105,,,,"{""speed_mps"":2.96052622795105,""heading_deg"":103.29367065429688,""vx_mps"":-2.414402961730957,""vy_mps"":10.218689918518066,""vz_mps"":-4.266493320465088,""ve_mps"":null,""vn_mps"":null,""vu_mps"":null,""vx"":null,""vy"":null,""physical_vx"":null,""physical_vy"":null,""move_direction"":null}"
tgt_radar_l7_t74,轨迹点,轨迹点:20:45:27 h=233m v=5.92m/s,radar,,7.0,2026-04-14T12:46:33+08:00,,74.0,,bird,,,,,,,,"{""record_id"":""radar_l7_t74"",""line_no"":7,""line_time_beijing"":""2026-04-14T12:46:33+08:00"",""obs_time_beijing"":""2026-04-14T20:45:27.490000+08:00"",""local_target_id"":""74"",""local_track_id"":""track_radar_74"",""global_identity"":null,""target_type"":""bird"",""target_type_code"":5,""model"":null,""quality"":{""alarm_level"":4,""is_white_list"":false,""trusted_for_fusion"":true,""trust_reason"":null,""magic_ok"":true,""length_ok"":true,""snr"":25.061626434326172,""confidence"":null,""similarity"":null,""report_count"":19.0}}"
loc_radar_l7_t74,空间位置,"位置:112.790094,28.106253,233m",radar,,,,,,,,112.79009359986874,28.106253311510866,233.396484375,,,,,"{""longitude"":112.79009359986874,""latitude"":28.106253311510866,""altitude_m"":233.396484375,""relative_height_m"":null,""distance_m"":1682.201171875,""azimuth_deg"":250.9046173095703,""pitch_deg"":6.673566818237305}"
mot_radar_l7_t74,运动特征,运动:v=5.92m/s heading=147.7deg,radar,,,,,,,,,,,5.9210524559021,,,,"{""speed_mps"":5.9210524559021,""heading_deg"":147.71054077148438,""vx_mps"":-6.91100549697876,""vy_mps"":4.367176532745361,""vz_mps"":0.9609534740447998,""ve_mps"":null,""vn_mps"":null,""vu_mps"":null,""vx"":null,""vy"":null,""physical_vx"":null,""physical_vy"":null,""move_direction"":null}"
tgt_radar_l7_t75,轨迹点,轨迹点:20:45:28 h=162m v=11.84m/s,radar,,7.0,2026-04-14T12:46:33+08:00,,75.0,,bird,,,,,,,,"{""record_id"":""radar_l7_t75"",""line_no"":7,""line_time_beijing"":""2026-04-14T12:46:33+08:00"",""obs_time_beijing"":""2026-04-14T20:45:28.258000+08:00"",""local_target_id"":""75"",""local_track_id"":""track_radar_75"",""global_identity"":null,""target_type"":""bird"",""target_type_code"":5,""model"":null,""quality"":{""alarm_level"":1,""is_white_list"":false,""trusted_for_fusion"":true,""trust_reason"":null,""magic_ok"":true,""length_ok"":true,""snr"":4.905200958251953,""confidence"":null,""similarity"":null,""report_count"":18.0}}"
loc_radar_l7_t75,空间位置,"位置:112.799076,28.115958,162m",radar,,,,,,,,112.7990758334066,28.115957744833853,162.0523681640625,,,,,"{""longitude"":112.79907583340659,""latitude"":28.115957744833853,""altitude_m"":162.0523681640625,""relative_height_m"":null,""distance_m"":882.4397583007812,""azimuth_deg"":306.5143737792969,""pitch_deg"":8.093164443969727}"
mot_radar_l7_t75,运动特征,运动:v=11.84m/s heading=156.9deg,radar,,,,,,,,,,,11.8421049118042,,,,"{""speed_mps"":11.8421049118042,""heading_deg"":156.90463256835938,""vx_mps"":-13.04456901550293,""vy_mps"":5.5627312660217285,""vz_mps"":0.631804347038269,""ve_mps"":null,""vn_mps"":null,""vu_mps"":null,""vx"":null,""vy"":null,""physical_vx"":null,""physical_vy"":null,""move_direction"":null}"
tgt_radar_l7_t79,轨迹点,轨迹点:20:45:33 h=379m v=5.92m/s,radar,,7.0,2026-04-14T12:46:33+08:00,,79.0,,bird,,,,,,,,"{""record_id"":""radar_l7_t79"",""line_no"":7,""line_time_beijing"":""2026-04-14T12:46:33+08:00"",""obs_time_beijing"":""2026-04-14T20:45:33.972000+08:00"",""local_target_id"":""79"",""local_track_id"":""track_radar_79"",""global_identity"":null,""target_type"":""bird"",""target_type_code"":5,""model"":null,""quality"":{""alarm_level"":0,""is_white_list"":false,""trusted_for_fusion"":true,""trust_reason"":null,""magic_ok"":true,""length_ok"":true,""snr"":2.7565581798553467,""confidence"":null,""similarity"":null,""report_count"":18.0}}"
loc_radar_l7_t79,空间位置,"位置:112.805581,28.084232,379m",radar,,,,,,,,112.80558097290717,28.084232043022997,378.69964599609375,,,,,"{""longitude"":112.80558097290715,""latitude"":28.084232043022993,""altitude_m"":378.69964599609375,""relative_height_m"":null,""distance_m"":2991.74560546875,""azimuth_deg"":181.37388610839844,""pitch_deg"":6.523882865905762}"
mot_radar_l7_t79,运动特征,运动:v=5.92m/s heading=90.9deg,radar,,,,,,,,,,,5.9210524559021,,,,"{""speed_mps"":5.9210524559021,""heading_deg"":90.9087142944336,""vx_mps"":-0.12047195434570312,""vy_mps"":7.595340251922607,""vz_mps"":-12.25887393951416,""ve_mps"":null,""vn_mps"":null,""vu_mps"":null,""vx"":null,""vy"":null,""physical_vx"":null,""physical_vy"":null,""move_direction"":null}"
tgt_radar_l7_t80,轨迹点,轨迹点:20:45:33 h=192m v=5.92m/s,radar,,7.0,2026-04-14T12:46:33+08:00,,80.0,,bird,,,,,,,,"{""record_id"":""radar_l7_t80"",""line_no"":7,""line_time_beijing"":""2026-04-14T12:46:33+08:00"",""obs_time_beijing"":""2026-04-14T20:45:33.974000+08:00"",""local_target_id"":""80"",""local_track_id"":""track_radar_80"",""global_identity"":null,""target_type"":""bird"",""target_type_code"":5,""model"":null,""quality"":{""alarm_level"":0,""is_white_list"":false,""trusted_for_fusion"":true,""trust_reason"":null,""magic_ok"":true,""length_ok"":true,""snr"":1.7029637098312378,""confidence"":null,""similarity"":null,""report_count"":18.0}}"
loc_radar_l7_t80,空间位置,"位置:112.803836,28.073560,192m",radar,,,,,,,,112.80383611710285,28.073559956965536,192.1045684814453,,,,,"{""longitude"":112.80383611710285,""latitude"":28.073559956965536,""altitude_m"":192.1045684814453,""relative_height_m"":null,""distance_m"":4180.64892578125,""azimuth_deg"":183.32949829101562,""pitch_deg"":2.130618095397949}"
mot_radar_l7_t80,运动特征,运动:v=5.92m/s heading=166.0deg,radar,,,,,,,,,,,5.9210524559021,,,,"{""speed_mps"":5.9210524559021,""heading_deg"":165.980224609375,""vx_mps"":-7.391382217407227,""vy_mps"":1.8455886840820312,""vz_mps"":11.818397521972656,""ve_mps"":null,""vn_mps"":null,""vu_mps"":null,""vx"":null,""vy"":null,""physical_vx"":null,""physical_vy"":null,""move_direction"":null}"
tgt_radar_l7_t81,轨迹点,轨迹点:20:45:34 h=215m v=2.96m/s,radar,,7.0,2026-04-14T12:46:33+08:00,,81.0,,bird,,,,,,,,"{""record_id"":""radar_l7_t81"",""line_no"":7,""line_time_beijing"":""2026-04-14T12:46:33+08:00"",""obs_time_beijing"":""2026-04-14T20:45:34.091000+08:00"",""local_target_id"":""81"",""local_track_id"":""track_radar_81"",""global_identity"":null,""target_type"":""bird"",""target_type_code"":5,""model"":null,""quality"":{""alarm_level"":0,""is_white_list"":false,""trusted_for_fusion"":true,""trust_reason"":null,""magic_ok"":true,""length_ok"":true,""snr"":3.6111509799957275,""confidence"":null,""similarity"":null,""report_count"":18.0}}"
loc_radar_l7_t81,空间位置,"位置:112.798451,28.072138,215m",radar,,,,,,,,112.79845117997505,28.0721384329906,214.80706787109372,,,,,"{""longitude"":112.79845117997503,""latitude"":28.072138432990602,""altitude_m"":214.80706787109375,""relative_height_m"":null,""distance_m"":4399.15283203125,""azimuth_deg"":190.090576171875,""pitch_deg"":2.3201396465301514}"
mot_radar_l7_t81,运动特征,运动:v=2.96m/s heading=-175.7deg,radar,,,,,,,,,,,2.96052622795105,,,,"{""speed_mps"":2.96052622795105,""heading_deg"":-175.7158203125,""vx_mps"":-11.675411224365234,""vy_mps"":-0.8746366500854492,""vz_mps"":-5.3325514793396,""ve_mps"":null,""vn_mps"":null,""vu_mps"":null,""vx"":null,""vy"":null,""physical_vx"":null,""physical_vy"":null,""move_direction"":null}"
tgt_radar_l7_t87,轨迹点,轨迹点:20:45:48 h=299m v=14.80m/s,radar,,7.0,2026-04-14T12:46:33+08:00,,87.0,,bird,,,,,,,,"{""record_id"":""radar_l7_t87"",""line_no"":7,""line_time_beijing"":""2026-04-14T12:46:33+08:00"",""obs_time_beijing"":""2026-04-14T20:45:48.807000+08:00"",""local_target_id"":""87"",""local_track_id"":""track_radar_87"",""global_identity"":null,""target_type"":""bird"",""target_type_code"":5,""model"":null,""quality"":{""alarm_level"":1,""is_white_list"":false,""trusted_for_fusion"":true,""trust_reason"":null,""magic_ok"":true,""length_ok"":true,""snr"":19.694110870361328,""confidence"":null,""similarity"":null,""report_count"":13.0}}"
loc_radar_l7_t87,空间位置,"位置:112.793137,28.111881,299m",radar,,,,,,,,112.79313681423136,28.111880775736285,298.6061706542969,,,,,"{""longitude"":112.79313681423135,""latitude"":28.111880775736285,""altitude_m"":298.6061706542969,""relative_height_m"":null,""distance_m"":1293.3837890625,""azimuth_deg"":273.24884033203125,""pitch_deg"":11.452957153320312}"
mot_radar_l7_t87,运动特征,运动:v=14.80m/s heading=3.2deg,radar,,,,,,,,,,,14.802631378173828,,,,"{""speed_mps"":14.802631378173828,""heading_deg"":3.1685659885406494,""vx_mps"":12.379359245300293,""vy_mps"":0.6853009462356567,""vz_mps"":0.38654598593711853,""ve_mps"":null,""vn_mps"":null,""vu_mps"":null,""vx"":null,""vy"":null,""physical_vx"":null,""physical_vy"":null,""move_direction"":null}"
tgt_radar_l7_t88,轨迹点,轨迹点:20:45:53 h=558m v=7.40m/s,radar,,7.0,2026-04-14T12:46:33+08:00,,88.0,,bird,,,,,,,,"{""record_id"":""radar_l7_t88"",""line_no"":7,""line_time_beijing"":""2026-04-14T12:46:33+08:00"",""obs_time_beijing"":""2026-04-14T20:45:53.204000+08:00"",""local_target_id"":""88"",""local_track_id"":""track_radar_88"",""global_identity"":null,""target_type"":""bird"",""target_type_code"":5,""model"":null,""quality"":{""alarm_level"":0,""is_white_list"":false,""trusted_for_fusion"":true,""trust_reason"":null,""magic_ok"":true,""length_ok"":true,""snr"":3.378905773162842,""confidence"":null,""similarity"":null,""report_count"":12.0}}"
loc_radar_l7_t88,空间位置,"位置:112.819534,28.177146,558m",radar,,,,,,,,112.81953367162744,28.177146093086865,557.6392211914062,,,,,"{""longitude"":112.81953367162745,""latitude"":28.177146093086865,""altitude_m"":557.6392211914062,""relative_height_m"":null,""distance_m"":7420.1142578125,""azimuth_deg"":10.050589561462402,""pitch_deg"":4.016937732696533}"
mot_radar_l7_t88,运动特征,运动:v=7.40m/s heading=-170.8deg,radar,,,,,,,,,,,7.401315689086914,,,,"{""speed_mps"":7.401315689086914,""heading_deg"":-170.76612854003906,""vx_mps"":-11.265832901000977,""vy_mps"":-1.831502079963684,""vz_mps"":17.090110778808594,""ve_mps"":null,""vn_mps"":null,""vu_mps"":null,""vx"":null,""vy"":null,""physical_vx"":null,""physical_vy"":null,""move_direction"":null}"
tgt_radar_l7_t89,轨迹点,轨迹点:20:45:53 h=357m v=11.84m/s,radar,,7.0,2026-04-14T12:46:33+08:00,,89.0,,bird,,,,,,,,"{""record_id"":""radar_l7_t89"",""line_no"":7,""line_time_beijing"":""2026-04-14T12:46:33+08:00"",""obs_time_beijing"":""2026-04-14T20:45:53.620000+08:00"",""local_target_id"":""89"",""local_track_id"":""track_radar_89"",""global_identity"":null,""target_type"":""bird"",""target_type_code"":5,""model"":null,""quality"":{""alarm_level"":1,""is_white_list"":false,""trusted_for_fusion"":true,""trust_reason"":null,""magic_ok"":true,""length_ok"":true,""snr"":21.45528221130371,""confidence"":null,""similarity"":null,""report_count"":12.0}}"
loc_radar_l7_t89,空间位置,"位置:112.813661,28.119484,357m",radar,,,,,,,,112.81366064020716,28.11948356086828,357.2327880859375,,,,,"{""longitude"":112.81366064020716,""latitude"":28.11948356086828,""altitude_m"":357.2327880859375,""relative_height_m"":null,""distance_m"":1165.007568359375,""azimuth_deg"":38.177162170410156,""pitch_deg"":15.389314651489258}"
mot_radar_l7_t89,运动特征,运动:v=11.84m/s heading=56.9deg,radar,,,,,,,,,,,11.8421049118042,,,,"{""speed_mps"":11.8421049118042,""heading_deg"":56.87937545776367,""vx_mps"":8.720137596130371,""vy_mps"":13.366144180297852,""vz_mps"":0.40179383754730225,""ve_mps"":null,""vn_mps"":null,""vu_mps"":null,""vx"":null,""vy"":null,""physical_vx"":null,""physical_vy"":null,""move_direction"":null}"
tgt_radar_l7_t94,轨迹点,轨迹点:20:46:07 h=117m v=7.40m/s,radar,,7.0,2026-04-14T12:46:33+08:00,,94.0,,bird,,,,,,,,"{""record_id"":""radar_l7_t94"",""line_no"":7,""line_time_beijing"":""2026-04-14T12:46:33+08:00"",""obs_time_beijing"":""2026-04-14T20:46:07.580000+08:00"",""local_target_id"":""94"",""local_track_id"":""track_radar_94"",""global_identity"":null,""target_type"":""bird"",""target_type_code"":5,""model"":null,""quality"":{""alarm_level"":1,""is_white_list"":false,""trusted_for_fusion"":true,""trust_reason"":null,""magic_ok"":true,""length_ok"":true,""snr"":16.924053192138672,""confidence"":null,""similarity"":null,""report_count"":8.0}}"
loc_radar_l7_t94,空间位置,"位置:112.814704,28.118442,117m",radar,,,,,,,,112.81470380357318,28.118442157424308,116.59008026123048,,,,,"{""longitude"":112.81470380357318,""latitude"":28.118442157424308,""altitude_m"":116.59008026123047,""relative_height_m"":null,""distance_m"":1147.5499267578125,""azimuth_deg"":45.7735710144043,""pitch_deg"":3.98884916305542}"
mot_radar_l7_t94,运动特征,运动:v=7.40m/s heading=54.0deg,radar,,,,,,,,,,,7.401315689086914,,,,"{""speed_mps"":7.401315689086914,""heading_deg"":53.96980285644531,""vx_mps"":2.2337396144866943,""vy_mps"":3.0710737705230713,""vz_mps"":-0.05896139144897461,""ve_mps"":null,""vn_mps"":null,""vu_mps"":null,""vx"":null,""vy"":null,""physical_vx"":null,""physical_vy"":null,""move_direction"":null}"
tgt_radar_l7_t95,轨迹点,轨迹点:20:46:12 h=288m v=2.96m/s,radar,,7.0,2026-04-14T12:46:33+08:00,,95.0,,bird,,,,,,,,"{""record_id"":""radar_l7_t95"",""line_no"":7,""line_time_beijing"":""2026-04-14T12:46:33+08:00"",""obs_time_beijing"":""2026-04-14T20:46:12.236000+08:00"",""local_target_id"":""95"",""local_track_id"":""track_radar_95"",""global_identity"":null,""target_type"":""bird"",""target_type_code"":5,""model"":null,""quality"":{""alarm_level"":0,""is_white_list"":false,""trusted_for_fusion"":true,""trust_reason"":null,""magic_ok"":true,""length_ok"":true,""snr"":4.3420305252075195,""confidence"":null,""similarity"":null,""report_count"":6.0}}"
loc_radar_l7_t95,空间位置,"位置:112.821698,28.078460,288m",radar,,,,,,,,112.8216976945058,28.078459792271246,287.7716369628906,,,,,"{""longitude"":112.82169769450581,""latitude"":28.078459792271246,""altitude_m"":287.7716369628906,""relative_height_m"":null,""distance_m"":3931.326416015625,""azimuth_deg"":157.439697265625,""pitch_deg"":3.6560826301574707}"
mot_radar_l7_t95,运动特征,运动:v=2.96m/s heading=17.6deg,radar,,,,,,,,,,,2.96052622795105,,,,"{""speed_mps"":2.96052622795105,""heading_deg"":17.599267959594727,""vx_mps"":20.244775772094727,""vy_mps"":6.421736717224121,""vz_mps"":3.715238571166992,""ve_mps"":null,""vn_mps"":null,""vu_mps"":null,""vx"":null,""vy"":null,""physical_vx"":null,""physical_vy"":null,""move_direction"":null}"
tgt_radar_l7_t96,轨迹点,轨迹点:20:46:12 h=541m v=5.92m/s,radar,,7.0,2026-04-14T12:46:33+08:00,,96.0,,bird,,,,,,,,"{""record_id"":""radar_l7_t96"",""line_no"":7,""line_time_beijing"":""2026-04-14T12:46:33+08:00"",""obs_time_beijing"":""2026-04-14T20:46:12.349000+08:00"",""local_target_id"":""96"",""local_track_id"":""track_radar_96"",""global_identity"":null,""target_type"":""bird"",""target_type_code"":5,""model"":null,""quality"":{""alarm_level"":0,""is_white_list"":false,""trusted_for_fusion"":true,""trust_reason"":null,""magic_ok"":true,""length_ok"":true,""snr"":1.4172024726867676,""confidence"":null,""similarity"":null,""report_count"":7.0}}"
loc_radar_l7_t96,空间位置,"位置:112.796907,28.080429,541m",radar,,,,,,,,112.79690703686724,28.080428536366345,541.4061279296875,,,,,"{""longitude"":112.79690703686724,""latitude"":28.080428536366345,""altitude_m"":541.4061279296875,""relative_height_m"":null,""distance_m"":3534.7490234375,""azimuth_deg"":195.1210479736328,""pitch_deg"":8.128067970275879}"
mot_radar_l7_t96,运动特征,运动:v=5.92m/s heading=167.3deg,radar,,,,,,,,,,,5.9210524559021,,,,"{""speed_mps"":5.9210524559021,""heading_deg"":167.30213928222656,""vx_mps"":-47.711116790771484,""vy_mps"":10.750298500061035,""vz_mps"":17.836416244506836,""ve_mps"":null,""vn_mps"":null,""vu_mps"":null,""vx"":null,""vy"":null,""physical_vx"":null,""physical_vy"":null,""move_direction"":null}"
tgt_radar_l7_t97,轨迹点,轨迹点:20:46:12 h=355m v=4.44m/s,radar,,7.0,2026-04-14T12:46:33+08:00,,97.0,,bird,,,,,,,,"{""record_id"":""radar_l7_t97"",""line_no"":7,""line_time_beijing"":""2026-04-14T12:46:33+08:00"",""obs_time_beijing"":""2026-04-14T20:46:12.423000+08:00"",""local_target_id"":""97"",""local_track_id"":""track_radar_97"",""global_identity"":null,""target_type"":""bird"",""target_type_code"":5,""model"":null,""quality"":{""alarm_level"":0,""is_white_list"":false,""trusted_for_fusion"":true,""trust_reason"":null,""magic_ok"":true,""length_ok"":true,""snr"":2.6799068450927734,""confidence"":null,""similarity"":null,""report_count"":7.0}}"
loc_radar_l7_t97,空间位置,"位置:112.803527,28.077833,355m",radar,,,,,,,,112.80352696319,28.07783328600508,355.0693359375,,,,,"{""longitude"":112.80352696319,""latitude"":28.07783328600508,""altitude_m"":355.0693359375,""relative_height_m"":null,""distance_m"":3710.075439453125,""azimuth_deg"":184.22142028808594,""pitch_deg"":4.906648635864258}"
mot_radar_l7_t97,运动特征,运动:v=4.44m/s heading=-165.4deg,radar,,,,,,,,,,,4.440789222717285,,,,"{""speed_mps"":4.440789222717285,""heading_deg"":-165.43209838867188,""vx_mps"":-15.363794326782227,""vy_mps"":-3.9927804470062256,""vz_mps"":11.255501747131348,""ve_mps"":null,""vn_mps"":null,""vu_mps"":null,""vx"":null,""vy"":null,""physical_vx"":null,""physical_vy"":null,""move_direction"":null}"
tgt_radar_l7_t100,轨迹点,轨迹点:20:46:15 h=312m v=10.36m/s,radar,,7.0,2026-04-14T12:46:33+08:00,,100.0,,bird,,,,,,,,"{""record_id"":""radar_l7_t100"",""line_no"":7,""line_time_beijing"":""2026-04-14T12:46:33+08:00"",""obs_time_beijing"":""2026-04-14T20:46:15.411000+08:00"",""local_target_id"":""100"",""local_track_id"":""track_radar_100"",""global_identity"":null,""target_type"":""bird"",""target_type_code"":5,""model"":null,""quality"":{""alarm_level"":0,""is_white_list"":false,""trusted_for_fusion"":true,""trust_reason"":null,""magic_ok"":true,""length_ok"":true,""snr"":2.8826024532318115,""confidence"":null,""similarity"":null,""report_count"":6.0}}"
loc_radar_l7_t100,空间位置,"位置:112.841699,28.085175,312m",radar,,,,,,,,112.84169892883158,28.085175232658987,311.71221923828125,,,,,"{""longitude"":112.84169892883158,""latitude"":28.085175232658987,""altitude_m"":311.71221923828125,""relative_height_m"":null,""distance_m"":4512.35595703125,""azimuth_deg"":129.75790405273438,""pitch_deg"":3.489306688308716}"
mot_radar_l7_t100,运动特征,运动:v=10.36m/s heading=-45.3deg,radar,,,,,,,,,,,10.361842155456545,,,,"{""speed_mps"":10.361842155456543,""heading_deg"":-45.34122085571289,""vx_mps"":8.217291831970215,""vy_mps"":-8.315753936767578,""vz_mps"":-5.1476545333862305,""ve_mps"":null,""vn_mps"":null,""vu_mps"":null,""vx"":null,""vy"":null,""physical_vx"":null,""physical_vy"":null,""move_direction"":null}"
tgt_radar_l7_t101,轨迹点,轨迹点:20:46:16 h=355m v=4.44m/s,radar,,7.0,2026-04-14T12:46:33+08:00,,101.0,,bird,,,,,,,,"{""record_id"":""radar_l7_t101"",""line_no"":7,""line_time_beijing"":""2026-04-14T12:46:33+08:00"",""obs_time_beijing"":""2026-04-14T20:46:16.107000+08:00"",""local_target_id"":""101"",""local_track_id"":""track_radar_101"",""global_identity"":null,""target_type"":""bird"",""target_type_code"":5,""model"":null,""quality"":{""alarm_level"":0,""is_white_list"":false,""trusted_for_fusion"":true,""trust_reason"":null,""magic_ok"":true,""length_ok"":true,""snr"":1.367743968963623,""confidence"":null,""similarity"":null,""report_count"":6.0}}"
loc_radar_l7_t101,空间位置,"位置:112.789730,28.063546,355m",radar,,,,,,,,112.78973018403492,28.06354632815172,354.574462890625,,,,,"{""longitude"":112.78973018403492,""latitude"":28.063546328151716,""altitude_m"":354.574462890625,""relative_height_m"":null,""distance_m"":5527.744140625,""azimuth_deg"":197.1056365966797,""pitch_deg"":3.2925283908843994}"
mot_radar_l7_t101,运动特征,运动:v=4.44m/s heading=-84.6deg,radar,,,,,,,,,,,4.440789222717285,,,,"{""speed_mps"":4.440789222717285,""heading_deg"":-84.57281494140625,""vx_mps"":0.15851736068725586,""vy_mps"":-1.6684894561767578,""vz_mps"":-0.8777377605438232,""ve_mps"":null,""vn_mps"":null,""vu_mps"":null,""vx"":null,""vy"":null,""physical_vx"":null,""physical_vy"":null,""move_direction"":null}"
tgt_radar_l7_t102,轨迹点,轨迹点:20:46:20 h=368m v=5.92m/s,radar,,7.0,2026-04-14T12:46:33+08:00,,102.0,,unknown,,,,,,,,"{""record_id"":""radar_l7_t102"",""line_no"":7,""line_time_beijing"":""2026-04-14T12:46:33+08:00"",""obs_time_beijing"":""2026-04-14T20:46:20.849000+08:00"",""local_target_id"":""102"",""local_track_id"":""track_radar_102"",""global_identity"":null,""target_type"":""unknown"",""target_type_code"":0,""model"":null,""quality"":{""alarm_level"":0,""is_white_list"":false,""trusted_for_fusion"":true,""trust_reason"":null,""magic_ok"":true,""length_ok"":true,""snr"":3.448373794555664,""confidence"":null,""similarity"":null,""report_count"":4.0}}"
loc_radar_l7_t102,空间位置,"位置:112.784639,28.143461,368m",radar,,,,,,,,112.78463865930064,28.143461444699224,368.0798645019531,,,,,"{""longitude"":112.78463865930065,""latitude"":28.143461444699224,""altitude_m"":368.0798645019531,""relative_height_m"":null,""distance_m"":4156.66943359375,""azimuth_deg"":329.2777404785156,""pitch_deg"":4.559899806976318}"
mot_radar_l7_t102,运动特征,运动:v=5.92m/s heading=3.0deg,radar,,,,,,,,,,,5.9210524559021,,,,"{""speed_mps"":5.9210524559021,""heading_deg"":2.9938278198242188,""vx_mps"":48.6069221496582,""vy_mps"":2.5421302318573,""vz_mps"":1.8810539245605469,""ve_mps"":null,""vn_mps"":null,""vu_mps"":null,""vx"":null,""vy"":null,""physical_vx"":null,""physical_vy"":null,""move_direction"":null}"
tgt_radar_l7_t103,轨迹点,轨迹点:20:46:26 h=191m v=0.00m/s,radar,,7.0,2026-04-14T12:46:33+08:00,,103.0,,unknown,,,,,,,,"{""record_id"":""radar_l7_t103"",""line_no"":7,""line_time_beijing"":""2026-04-14T12:46:33+08:00"",""obs_time_beijing"":""2026-04-14T20:46:26.477000+08:00"",""local_target_id"":""103"",""local_track_id"":""track_radar_103"",""global_identity"":null,""target_type"":""unknown"",""target_type_code"":0,""model"":null,""quality"":{""alarm_level"":0,""is_white_list"":false,""trusted_for_fusion"":true,""trust_reason"":null,""magic_ok"":true,""length_ok"":true,""snr"":3.8267674446105957,""confidence"":null,""similarity"":null,""report_count"":3.0}}"
loc_radar_l7_t103,空间位置,"位置:112.808363,28.077928,191m",radar,,,,,,,,112.80836315107896,28.077928318073045,190.5312347412109,,,,,"{""longitude"":112.80836315107895,""latitude"":28.077928318073045,""altitude_m"":190.53123474121094,""relative_height_m"":null,""distance_m"":3694.951904296875,""azimuth_deg"":176.88137817382812,""pitch_deg"":2.3860199451446533}"
mot_radar_l7_t103,运动特征,运动:v=0.00m/s heading=5.9deg,radar,,,,,,,,,,,0.0,,,,"{""speed_mps"":0.0,""heading_deg"":5.889992713928223,""vx_mps"":97.93373107910156,""vy_mps"":10.103178977966309,""vz_mps"":-1.8384215831756592,""ve_mps"":null,""vn_mps"":null,""vu_mps"":null,""vx"":null,""vy"":null,""physical_vx"":null,""physical_vy"":null,""move_direction"":null}"
tgt_radar_l7_t104,轨迹点,轨迹点:20:46:28 h=108m v=20.72m/s,radar,,7.0,2026-04-14T12:46:33+08:00,,104.0,,unknown,,,,,,,,"{""record_id"":""radar_l7_t104"",""line_no"":7,""line_time_beijing"":""2026-04-14T12:46:33+08:00"",""obs_time_beijing"":""2026-04-14T20:46:28.275000+08:00"",""local_target_id"":""104"",""local_track_id"":""track_radar_104"",""global_identity"":null,""target_type"":""unknown"",""target_type_code"":0,""model"":null,""quality"":{""alarm_level"":1,""is_white_list"":false,""trusted_for_fusion"":true,""trust_reason"":null,""magic_ok"":true,""length_ok"":true,""snr"":24.915725708007812,""confidence"":null,""similarity"":null,""report_count"":1.0}}"
loc_radar_l7_t104,空间位置,"位置:112.808830,28.122362,108m",radar,,,,,,,,112.80883032107938,28.12236187275841,107.84617614746094,,,,,"{""longitude"":112.80883032107938,""latitude"":28.12236187275841,""altitude_m"":107.84617614746094,""relative_height_m"":null,""distance_m"":1259.1878662109375,""azimuth_deg"":11.299210548400879,""pitch_deg"":3.2397634983062744}"
mot_radar_l7_t104,运动特征,运动:v=20.72m/s heading=-97.7deg,radar,,,,,,,,,,,20.72368431091309,,,,"{""speed_mps"":20.723684310913086,""heading_deg"":-97.74303436279297,""vx_mps"":-2.6035125255584717,""vy_mps"":-19.14767837524414,""vz_mps"":-1.334564208984375,""ve_mps"":null,""vn_mps"":null,""vu_mps"":null,""vx"":null,""vy"":null,""physical_vx"":null,""physical_vy"":null,""move_direction"":null}"
tgt_radar_l7_t105,轨迹点,轨迹点:20:46:31 h=481m v=29.61m/s,radar,,7.0,2026-04-14T12:46:33+08:00,,105.0,,unknown,,,,,,,,"{""record_id"":""radar_l7_t105"",""line_no"":7,""line_time_beijing"":""2026-04-14T12:46:33+08:00"",""obs_time_beijing"":""2026-04-14T20:46:31.069000+08:00"",""local_target_id"":""105"",""local_track_id"":""track_radar_105"",""global_identity"":null,""target_type"":""unknown"",""target_type_code"":0,""model"":null,""quality"":{""alarm_level"":0,""is_white_list"":false,""trusted_for_fusion"":true,""trust_reason"":null,""magic_ok"":true,""length_ok"":true,""snr"":4.2226948738098145,""confidence"":null,""similarity"":null,""report_count"":1.0}}"
loc_radar_l7_t105,空间位置,"位置:112.770152,28.129081,481m",radar,,,,,,,,112.77015194067374,28.12908078798404,480.5855712890625,,,,,"{""longitude"":112.77015194067374,""latitude"":28.129080787984037,""altitude_m"":480.5855712890625,""relative_height_m"":null,""distance_m"":4059.014404296875,""azimuth_deg"":299.1949462890625,""pitch_deg"":6.242763519287109}"
mot_radar_l7_t105,运动特征,运动:v=29.61m/s heading=84.7deg,radar,,,,,,,,,,,29.605262756347656,,,,"{""speed_mps"":29.605262756347656,""heading_deg"":84.71613311767578,""vx_mps"":2.2156505584716797,""vy_mps"":23.957324981689453,""vz_mps"":48.828819274902344,""ve_mps"":null,""vn_mps"":null,""vu_mps"":null,""vx"":null,""vy"":null,""physical_vx"":null,""physical_vy"":null,""move_direction"":null}"
tgt_radar_l7_t106,轨迹点,轨迹点:20:46:33 h=148m v=8.88m/s,radar,,7.0,2026-04-14T12:46:33+08:00,,106.0,,unknown,,,,,,,,"{""record_id"":""radar_l7_t106"",""line_no"":7,""line_time_beijing"":""2026-04-14T12:46:33+08:00"",""obs_time_beijing"":""2026-04-14T20:46:33.134000+08:00"",""local_target_id"":""106"",""local_track_id"":""track_radar_106"",""global_identity"":null,""target_type"":""unknown"",""target_type_code"":0,""model"":null,""quality"":{""alarm_level"":1,""is_white_list"":false,""trusted_for_fusion"":true,""trust_reason"":null,""magic_ok"":true,""length_ok"":true,""snr"":6.746506214141846,""confidence"":null,""similarity"":null,""report_count"":1.0}}"
trk_track_radar_106,单设备轨迹,track_radar_106,radar,,,,,,,,,,,,,,,"{""local_track_id"":""track_radar_106""}"
loc_radar_l7_t106,空间位置,"位置:112.810391,28.103818,148m",radar,,,,,,,,112.81039090558892,28.103818108830705,147.70880126953125,,,,,"{""longitude"":112.81039090558893,""latitude"":28.103818108830705,""altitude_m"":147.70880126953125,""relative_height_m"":null,""distance_m"":912.4989624023438,""azimuth_deg"":154.0208282470703,""pitch_deg"":6.944199562072754}"
mot_radar_l7_t106,运动特征,运动:v=8.88m/s heading=-104.4deg,radar,,,,,,,,,,,8.88157844543457,,,,"{""speed_mps"":8.88157844543457,""heading_deg"":-104.3720703125,""vx_mps"":-3.804389238357544,""vy_mps"":-14.84715461730957,""vz_mps"":1.6336883306503296,""ve_mps"":null,""vn_mps"":null,""vu_mps"":null,""vx"":null,""vy"":null,""physical_vx"":null,""physical_vy"":null,""move_direction"":null}"
obs_radar_l9,观测帧,radar观测帧9,radar,,9.0,2026-04-14T12:46:34+08:00,,,,,,,,,,,,"{""line_no"":9,""line_time_beijing"":""2026-04-14T12:46:34+08:00"",""obs_time_beijing"":""2026-04-14T20:46:33.134000+08:00"",""obs_time_ms"":1776170793134,""record_type"":""target""}"
tw_20260414_124634,时间窗口,tw_20260414_124634,system,,,,,,,,,,,,,,,"{""time_window_id"":""tw_20260414_124634""}"
tgt_radar_l9_t29,轨迹点,轨迹点:20:44:07 h=753m v=7.40m/s,radar,,9.0,2026-04-14T12:46:34+08:00,,29.0,,bird,,,,,,,,"{""record_id"":""radar_l9_t29"",""line_no"":9,""line_time_beijing"":""2026-04-14T12:46:34+08:00"",""obs_time_beijing"":""2026-04-14T20:44:07.478000+08:00"",""local_target_id"":""29"",""local_track_id"":""track_radar_29"",""global_identity"":null,""target_type"":""bird"",""target_type_code"":5,""model"":null,""quality"":{""alarm_level"":0,""is_white_list"":false,""trusted_for_fusion"":true,""trust_reason"":null,""magic_ok"":true,""length_ok"":true,""snr"":3.5179624557495117,""confidence"":null,""similarity"":null,""report_count"":42.0}}"
loc_radar_l9_t29,空间位置,"位置:112.753956,28.125117,753m",radar,,,,,,,,112.75395568557032,28.125117469123783,752.89599609375,,,,,"{""longitude"":112.75395568557033,""latitude"":28.125117469123783,""altitude_m"":752.89599609375,""relative_height_m"":null,""distance_m"":5357.1318359375,""azimuth_deg"":286.72052001953125,""pitch_deg"":7.616097450256348}"
mot_radar_l9_t29,运动特征,运动:v=7.40m/s heading=15.6deg,radar,,,,,,,,,,,7.401315689086914,,,,"{""speed_mps"":7.401315689086914,""heading_deg"":15.6395263671875,""vx_mps"":1.2812283039093018,""vy_mps"":0.35867834091186523,""vz_mps"":-15.631917953491211,""ve_mps"":null,""vn_mps"":null,""vu_mps"":null,""vx"":null,""vy"":null,""physical_vx"":null,""physical_vy"":null,""move_direction"":null}"
tgt_radar_l9_t58,轨迹点,轨迹点:20:44:52 h=428m v=5.92m/s,radar,,9.0,2026-04-14T12:46:34+08:00,,58.0,,bird,,,,,,,,"{""record_id"":""radar_l9_t58"",""line_no"":9,""line_time_beijing"":""2026-04-14T12:46:34+08:00"",""obs_time_beijing"":""2026-04-14T20:44:52.828000+08:00"",""local_target_id"":""58"",""local_track_id"":""track_radar_58"",""global_identity"":null,""target_type"":""bird"",""target_type_code"":5,""model"":null,""quality"":{""alarm_level"":0,""is_white_list"":false,""trusted_for_fusion"":true,""trust_reason"":null,""magic_ok"":true,""length_ok"":true,""snr"":3.347337245941162,""confidence"":null,""similarity"":null,""report_count"":30.0}}"
loc_radar_l9_t58,空间位置,"位置:112.766216,28.126416,428m",radar,,,,,,,,112.76621567968914,28.126415953188182,428.1361999511719,,,,,"{""longitude"":112.76621567968914,""latitude"":28.126415953188182,""altitude_m"":428.1361999511719,""relative_height_m"":null,""distance_m"":4275.13330078125,""azimuth_deg"":293.2081298828125,""pitch_deg"":5.233209609985352}"
mot_radar_l9_t58,运动特征,运动:v=5.92m/s heading=-62.7deg,radar,,,,,,,,,,,5.9210524559021,,,,"{""speed_mps"":5.9210524559021,""heading_deg"":-62.670162200927734,""vx_mps"":3.379639148712158,""vy_mps"":-6.5395731925964355,""vz_mps"":-2.3243677616119385,""ve_mps"":null,""vn_mps"":null,""vu_mps"":null,""vx"":null,""vy"":null,""physical_vx"":null,""physical_vy"":null,""move_direction"":null}"
tgt_radar_l9_t71,轨迹点,轨迹点:20:45:23 h=176m v=2.96m/s,radar,,9.0,2026-04-14T12:46:34+08:00,,71.0,,bird,,,,,,,,"{""record_id"":""radar_l9_t71"",""line_no"":9,""line_time_beijing"":""2026-04-14T12:46:34+08:00"",""obs_time_beijing"":""2026-04-14T20:45:23.965000+08:00"",""local_target_id"":""71"",""local_track_id"":""track_radar_71"",""global_identity"":null,""target_type"":""bird"",""target_type_code"":5,""model"":null,""quality"":{""alarm_level"":1,""is_white_list"":false,""trusted_for_fusion"":true,""trust_reason"":null,""magic_ok"":true,""length_ok"":true,""snr"":3.909566879272461,""confidence"":null,""similarity"":null,""report_count"":21.0}}"
loc_radar_l9_t71,空间位置,"位置:112.793652,28.110375,176m",radar,,,,,,,,112.79365221378356,28.11037461192732,176.3963165283203,,,,,"{""longitude"":112.79365221378356,""latitude"":28.110374611927316,""altitude_m"":176.3963165283203,""relative_height_m"":null,""distance_m"":1244.337646484375,""azimuth_deg"":265.6849670410156,""pitch_deg"":6.411435604095459}"
mot_radar_l9_t71,运动特征,运动:v=2.96m/s heading=89.5deg,radar,,,,,,,,,,,2.96052622795105,,,,"{""speed_mps"":2.96052622795105,""heading_deg"":89.47651672363281,""vx_mps"":0.11179327964782715,""vy_mps"":12.235603332519531,""vz_mps"":-2.521488904953003,""ve_mps"":null,""vn_mps"":null,""vu_mps"":null,""vx"":null,""vy"":null,""physical_vx"":null,""physical_vy"":null,""move_direction"":null}"
tgt_radar_l9_t74,轨迹点,轨迹点:20:45:27 h=227m v=8.88m/s,radar,,9.0,2026-04-14T12:46:34+08:00,,74.0,,bird,,,,,,,,"{""record_id"":""radar_l9_t74"",""line_no"":9,""line_time_beijing"":""2026-04-14T12:46:34+08:00"",""obs_time_beijing"":""2026-04-14T20:45:27.490000+08:00"",""local_target_id"":""74"",""local_track_id"":""track_radar_74"",""global_identity"":null,""target_type"":""bird"",""target_type_code"":5,""model"":null,""quality"":{""alarm_level"":4,""is_white_list"":false,""trusted_for_fusion"":true,""trust_reason"":null,""magic_ok"":true,""length_ok"":true,""snr"":8.864205360412598,""confidence"":null,""similarity"":null,""report_count"":20.0}}"
loc_radar_l9_t74,空间位置,"位置:112.789704,28.106001,227m",radar,,,,,,,,112.78970352792558,28.106001090789054,227.1314239501953,,,,,"{""longitude"":112.78970352792558,""latitude"":28.106001090789054,""altitude_m"":227.1314239501953,""relative_height_m"":null,""distance_m"":1727.5306396484375,""azimuth_deg"":250.44357299804688,""pitch_deg"":6.294765949249268}"
mot_radar_l9_t74,运动特征,运动:v=8.88m/s heading=178.0deg,radar,,,,,,,,,,,8.88157844543457,,,,"{""speed_mps"":8.88157844543457,""heading_deg"":178.02236938476562,""vx_mps"":-7.591515064239502,""vy_mps"":0.26213502883911133,""vz_mps"":-0.0922856330871582,""ve_mps"":null,""vn_mps"":null,""vu_mps"":null,""vx"":null,""vy"":null,""physical_vx"":null,""physical_vy"":null,""move_direction"":null}"
tgt_radar_l9_t75,轨迹点,轨迹点:20:45:28 h=162m v=11.84m/s,radar,,9.0,2026-04-14T12:46:34+08:00,,75.0,,bird,,,,,,,,"{""record_id"":""radar_l9_t75"",""line_no"":9,""line_time_beijing"":""2026-04-14T12:46:34+08:00"",""obs_time_beijing"":""2026-04-14T20:45:28.258000+08:00"",""local_target_id"":""75"",""local_track_id"":""track_radar_75"",""global_identity"":null,""target_type"":""bird"",""target_type_code"":5,""model"":null,""quality"":{""alarm_level"":1,""is_white_list"":false,""trusted_for_fusion"":true,""trust_reason"":null,""magic_ok"":true,""length_ok"":true,""snr"":4.905200958251953,""confidence"":null,""similarity"":null,""report_count"":18.0}}"
loc_radar_l9_t75,空间位置,"位置:112.799076,28.115958,162m",radar,,,,,,,,112.7990758334066,28.115957744833853,162.0523681640625,,,,,"{""longitude"":112.79907583340659,""latitude"":28.115957744833853,""altitude_m"":162.0523681640625,""relative_height_m"":null,""distance_m"":882.4397583007812,""azimuth_deg"":306.5143737792969,""pitch_deg"":8.093164443969727}"
mot_radar_l9_t75,运动特征,运动:v=11.84m/s heading=156.9deg,radar,,,,,,,,,,,11.8421049118042,,,,"{""speed_mps"":11.8421049118042,""heading_deg"":156.90463256835938,""vx_mps"":-13.04456901550293,""vy_mps"":5.5627312660217285,""vz_mps"":0.631804347038269,""ve_mps"":null,""vn_mps"":null,""vu_mps"":null,""vx"":null,""vy"":null,""physical_vx"":null,""physical_vy"":null,""move_direction"":null}"
tgt_radar_l9_t79,轨迹点,轨迹点:20:45:33 h=379m v=5.92m/s,radar,,9.0,2026-04-14T12:46:34+08:00,,79.0,,bird,,,,,,,,"{""record_id"":""radar_l9_t79"",""line_no"":9,""line_time_beijing"":""2026-04-14T12:46:34+08:00"",""obs_time_beijing"":""2026-04-14T20:45:33.972000+08:00"",""local_target_id"":""79"",""local_track_id"":""track_radar_79"",""global_identity"":null,""target_type"":""bird"",""target_type_code"":5,""model"":null,""quality"":{""alarm_level"":0,""is_white_list"":false,""trusted_for_fusion"":true,""trust_reason"":null,""magic_ok"":true,""length_ok"":true,""snr"":2.7565581798553467,""confidence"":null,""similarity"":null,""report_count"":18.0}}"
loc_radar_l9_t79,空间位置,"位置:112.805581,28.084232,379m",radar,,,,,,,,112.80558097290717,28.084232043022997,378.69964599609375,,,,,"{""longitude"":112.80558097290715,""latitude"":28.084232043022993,""altitude_m"":378.69964599609375,""relative_height_m"":null,""distance_m"":2991.74560546875,""azimuth_deg"":181.37388610839844,""pitch_deg"":6.523882865905762}"
mot_radar_l9_t79,运动特征,运动:v=5.92m/s heading=90.9deg,radar,,,,,,,,,,,5.9210524559021,,,,"{""speed_mps"":5.9210524559021,""heading_deg"":90.9087142944336,""vx_mps"":-0.12047195434570312,""vy_mps"":7.595340251922607,""vz_mps"":-12.25887393951416,""ve_mps"":null,""vn_mps"":null,""vu_mps"":null,""vx"":null,""vy"":null,""physical_vx"":null,""physical_vy"":null,""move_direction"":null}"
tgt_radar_l9_t80,轨迹点,轨迹点:20:45:33 h=192m v=5.92m/s,radar,,9.0,2026-04-14T12:46:34+08:00,,80.0,,bird,,,,,,,,"{""record_id"":""radar_l9_t80"",""line_no"":9,""line_time_beijing"":""2026-04-14T12:46:34+08:00"",""obs_time_beijing"":""2026-04-14T20:45:33.974000+08:00"",""local_target_id"":""80"",""local_track_id"":""track_radar_80"",""global_identity"":null,""target_type"":""bird"",""target_type_code"":5,""model"":null,""quality"":{""alarm_level"":0,""is_white_list"":false,""trusted_for_fusion"":true,""trust_reason"":null,""magic_ok"":true,""length_ok"":true,""snr"":1.7029637098312378,""confidence"":null,""similarity"":null,""report_count"":18.0}}"
loc_radar_l9_t80,空间位置,"位置:112.803836,28.073560,192m",radar,,,,,,,,112.80383611710285,28.073559956965536,192.1045684814453,,,,,"{""longitude"":112.80383611710285,""latitude"":28.073559956965536,""altitude_m"":192.1045684814453,""relative_height_m"":null,""distance_m"":4180.64892578125,""azimuth_deg"":183.32949829101562,""pitch_deg"":2.130618095397949}"
mot_radar_l9_t80,运动特征,运动:v=5.92m/s heading=166.0deg,radar,,,,,,,,,,,5.9210524559021,,,,"{""speed_mps"":5.9210524559021,""heading_deg"":165.980224609375,""vx_mps"":-7.391382217407227,""vy_mps"":1.8455886840820312,""vz_mps"":11.818397521972656,""ve_mps"":null,""vn_mps"":null,""vu_mps"":null,""vx"":null,""vy"":null,""physical_vx"":null,""physical_vy"":null,""move_direction"":null}"
tgt_radar_l9_t81,轨迹点,轨迹点:20:45:34 h=215m v=2.96m/s,radar,,9.0,2026-04-14T12:46:34+08:00,,81.0,,bird,,,,,,,,"{""record_id"":""radar_l9_t81"",""line_no"":9,""line_time_beijing"":""2026-04-14T12:46:34+08:00"",""obs_time_beijing"":""2026-04-14T20:45:34.091000+08:00"",""local_target_id"":""81"",""local_track_id"":""track_radar_81"",""global_identity"":null,""target_type"":""bird"",""target_type_code"":5,""model"":null,""quality"":{""alarm_level"":0,""is_white_list"":false,""trusted_for_fusion"":true,""trust_reason"":null,""magic_ok"":true,""length_ok"":true,""snr"":3.6111509799957275,""confidence"":null,""similarity"":null,""report_count"":18.0}}"
loc_radar_l9_t81,空间位置,"位置:112.798451,28.072138,215m",radar,,,,,,,,112.79845117997505,28.0721384329906,214.80706787109372,,,,,"{""longitude"":112.79845117997503,""latitude"":28.072138432990602,""altitude_m"":214.80706787109375,""relative_height_m"":null,""distance_m"":4399.15283203125,""azimuth_deg"":190.090576171875,""pitch_deg"":2.3201396465301514}"
mot_radar_l9_t81,运动特征,运动:v=2.96m/s heading=-175.7deg,radar,,,,,,,,,,,2.96052622795105,,,,"{""speed_mps"":2.96052622795105,""heading_deg"":-175.7158203125,""vx_mps"":-11.675411224365234,""vy_mps"":-0.8746366500854492,""vz_mps"":-5.3325514793396,""ve_mps"":null,""vn_mps"":null,""vu_mps"":null,""vx"":null,""vy"":null,""physical_vx"":null,""physical_vy"":null,""move_direction"":null}"
tgt_radar_l9_t87,轨迹点,轨迹点:20:45:48 h=297m v=14.80m/s,radar,,9.0,2026-04-14T12:46:34+08:00,,87.0,,bird,,,,,,,,"{""record_id"":""radar_l9_t87"",""line_no"":9,""line_time_beijing"":""2026-04-14T12:46:34+08:00"",""obs_time_beijing"":""2026-04-14T20:45:48.807000+08:00"",""local_target_id"":""87"",""local_track_id"":""track_radar_87"",""global_identity"":null,""target_type"":""bird"",""target_type_code"":5,""model"":null,""quality"":{""alarm_level"":1,""is_white_list"":false,""trusted_for_fusion"":true,""trust_reason"":null,""magic_ok"":true,""length_ok"":true,""snr"":19.694110870361328,""confidence"":null,""similarity"":null,""report_count"":14.0}}"
loc_radar_l9_t87,空间位置,"位置:112.793672,28.111904,297m",radar,,,,,,,,112.79367186182157,28.111904458380497,296.55377197265625,,,,,"{""longitude"":112.79367186182157,""latitude"":28.111904458380497,""altitude_m"":296.55377197265625,""relative_height_m"":null,""distance_m"":1241.1912841796875,""azimuth_deg"":273.5067138671875,""pitch_deg"":11.830312728881836}"
mot_radar_l9_t87,运动特征,运动:v=14.80m/s heading=3.2deg,radar,,,,,,,,,,,14.802631378173828,,,,"{""speed_mps"":14.802631378173828,""heading_deg"":3.1685659885406494,""vx_mps"":12.379359245300293,""vy_mps"":0.6853009462356567,""vz_mps"":0.38654598593711853,""ve_mps"":null,""vn_mps"":null,""vu_mps"":null,""vx"":null,""vy"":null,""physical_vx"":null,""physical_vy"":null,""move_direction"":null}"
tgt_radar_l9_t88,轨迹点,轨迹点:20:45:53 h=558m v=7.40m/s,radar,,9.0,2026-04-14T12:46:34+08:00,,88.0,,bird,,,,,,,,"{""record_id"":""radar_l9_t88"",""line_no"":9,""line_time_beijing"":""2026-04-14T12:46:34+08:00"",""obs_time_beijing"":""2026-04-14T20:45:53.204000+08:00"",""local_target_id"":""88"",""local_track_id"":""track_radar_88"",""global_identity"":null,""target_type"":""bird"",""target_type_code"":5,""model"":null,""quality"":{""alarm_level"":0,""is_white_list"":false,""trusted_for_fusion"":true,""trust_reason"":null,""magic_ok"":true,""length_ok"":true,""snr"":3.378905773162842,""confidence"":null,""similarity"":null,""report_count"":12.0}}"
loc_radar_l9_t88,空间位置,"位置:112.819534,28.177146,558m",radar,,,,,,,,112.81953367162744,28.177146093086865,557.6392211914062,,,,,"{""longitude"":112.81953367162745,""latitude"":28.177146093086865,""altitude_m"":557.6392211914062,""relative_height_m"":null,""distance_m"":7420.1142578125,""azimuth_deg"":10.050589561462402,""pitch_deg"":4.016937732696533}"
mot_radar_l9_t88,运动特征,运动:v=7.40m/s heading=-170.8deg,radar,,,,,,,,,,,7.401315689086914,,,,"{""speed_mps"":7.401315689086914,""heading_deg"":-170.76612854003906,""vx_mps"":-11.265832901000977,""vy_mps"":-1.831502079963684,""vz_mps"":17.090110778808594,""ve_mps"":null,""vn_mps"":null,""vu_mps"":null,""vx"":null,""vy"":null,""physical_vx"":null,""physical_vy"":null,""move_direction"":null}"
tgt_radar_l9_t89,轨迹点,轨迹点:20:45:53 h=357m v=11.84m/s,radar,,9.0,2026-04-14T12:46:34+08:00,,89.0,,bird,,,,,,,,"{""record_id"":""radar_l9_t89"",""line_no"":9,""line_time_beijing"":""2026-04-14T12:46:34+08:00"",""obs_time_beijing"":""2026-04-14T20:45:53.620000+08:00"",""local_target_id"":""89"",""local_track_id"":""track_radar_89"",""global_identity"":null,""target_type"":""bird"",""target_type_code"":5,""model"":null,""quality"":{""alarm_level"":1,""is_white_list"":false,""trusted_for_fusion"":true,""trust_reason"":null,""magic_ok"":true,""length_ok"":true,""snr"":21.45528221130371,""confidence"":null,""similarity"":null,""report_count"":12.0}}"
loc_radar_l9_t89,空间位置,"位置:112.813661,28.119484,357m",radar,,,,,,,,112.81366064020716,28.11948356086828,357.2327880859375,,,,,"{""longitude"":112.81366064020716,""latitude"":28.11948356086828,""altitude_m"":357.2327880859375,""relative_height_m"":null,""distance_m"":1165.007568359375,""azimuth_deg"":38.177162170410156,""pitch_deg"":15.389314651489258}"
mot_radar_l9_t89,运动特征,运动:v=11.84m/s heading=56.9deg,radar,,,,,,,,,,,11.8421049118042,,,,"{""speed_mps"":11.8421049118042,""heading_deg"":56.87937545776367,""vx_mps"":8.720137596130371,""vy_mps"":13.366144180297852,""vz_mps"":0.40179383754730225,""ve_mps"":null,""vn_mps"":null,""vu_mps"":null,""vx"":null,""vy"":null,""physical_vx"":null,""physical_vy"":null,""move_direction"":null}"
tgt_radar_l9_t94,轨迹点,轨迹点:20:46:07 h=117m v=7.40m/s,radar,,9.0,2026-04-14T12:46:34+08:00,,94.0,,bird,,,,,,,,"{""record_id"":""radar_l9_t94"",""line_no"":9,""line_time_beijing"":""2026-04-14T12:46:34+08:00"",""obs_time_beijing"":""2026-04-14T20:46:07.580000+08:00"",""local_target_id"":""94"",""local_track_id"":""track_radar_94"",""global_identity"":null,""target_type"":""bird"",""target_type_code"":5,""model"":null,""quality"":{""alarm_level"":1,""is_white_list"":false,""trusted_for_fusion"":true,""trust_reason"":null,""magic_ok"":true,""length_ok"":true,""snr"":16.924053192138672,""confidence"":null,""similarity"":null,""report_count"":8.0}}"
loc_radar_l9_t94,空间位置,"位置:112.814704,28.118442,117m",radar,,,,,,,,112.81470380357318,28.118442157424308,116.59008026123048,,,,,"{""longitude"":112.81470380357318,""latitude"":28.118442157424308,""altitude_m"":116.59008026123047,""relative_height_m"":null,""distance_m"":1147.5499267578125,""azimuth_deg"":45.7735710144043,""pitch_deg"":3.98884916305542}"
mot_radar_l9_t94,运动特征,运动:v=7.40m/s heading=54.0deg,radar,,,,,,,,,,,7.401315689086914,,,,"{""speed_mps"":7.401315689086914,""heading_deg"":53.96980285644531,""vx_mps"":2.2337396144866943,""vy_mps"":3.0710737705230713,""vz_mps"":-0.05896139144897461,""ve_mps"":null,""vn_mps"":null,""vu_mps"":null,""vx"":null,""vy"":null,""physical_vx"":null,""physical_vy"":null,""move_direction"":null}"
tgt_radar_l9_t95,轨迹点,轨迹点:20:46:12 h=288m v=2.96m/s,radar,,9.0,2026-04-14T12:46:34+08:00,,95.0,,bird,,,,,,,,"{""record_id"":""radar_l9_t95"",""line_no"":9,""line_time_beijing"":""2026-04-14T12:46:34+08:00"",""obs_time_beijing"":""2026-04-14T20:46:12.236000+08:00"",""local_target_id"":""95"",""local_track_id"":""track_radar_95"",""global_identity"":null,""target_type"":""bird"",""target_type_code"":5,""model"":null,""quality"":{""alarm_level"":0,""is_white_list"":false,""trusted_for_fusion"":true,""trust_reason"":null,""magic_ok"":true,""length_ok"":true,""snr"":4.3420305252075195,""confidence"":null,""similarity"":null,""report_count"":6.0}}"
loc_radar_l9_t95,空间位置,"位置:112.821698,28.078460,288m",radar,,,,,,,,112.8216976945058,28.078459792271246,287.7716369628906,,,,,"{""longitude"":112.82169769450581,""latitude"":28.078459792271246,""altitude_m"":287.7716369628906,""relative_height_m"":null,""distance_m"":3931.326416015625,""azimuth_deg"":157.439697265625,""pitch_deg"":3.6560826301574707}"
mot_radar_l9_t95,运动特征,运动:v=2.96m/s heading=17.6deg,radar,,,,,,,,,,,2.96052622795105,,,,"{""speed_mps"":2.96052622795105,""heading_deg"":17.599267959594727,""vx_mps"":20.244775772094727,""vy_mps"":6.421736717224121,""vz_mps"":3.715238571166992,""ve_mps"":null,""vn_mps"":null,""vu_mps"":null,""vx"":null,""vy"":null,""physical_vx"":null,""physical_vy"":null,""move_direction"":null}"
tgt_radar_l9_t96,轨迹点,轨迹点:20:46:12 h=541m v=5.92m/s,radar,,9.0,2026-04-14T12:46:34+08:00,,96.0,,bird,,,,,,,,"{""record_id"":""radar_l9_t96"",""line_no"":9,""line_time_beijing"":""2026-04-14T12:46:34+08:00"",""obs_time_beijing"":""2026-04-14T20:46:12.349000+08:00"",""local_target_id"":""96"",""local_track_id"":""track_radar_96"",""global_identity"":null,""target_type"":""bird"",""target_type_code"":5,""model"":null,""quality"":{""alarm_level"":0,""is_white_list"":false,""trusted_for_fusion"":true,""trust_reason"":null,""magic_ok"":true,""length_ok"":true,""snr"":1.4172024726867676,""confidence"":null,""similarity"":null,""report_count"":7.0}}"
loc_radar_l9_t96,空间位置,"位置:112.796907,28.080429,541m",radar,,,,,,,,112.79690703686724,28.080428536366345,541.4061279296875,,,,,"{""longitude"":112.79690703686724,""latitude"":28.080428536366345,""altitude_m"":541.4061279296875,""relative_height_m"":null,""distance_m"":3534.7490234375,""azimuth_deg"":195.1210479736328,""pitch_deg"":8.128067970275879}"
mot_radar_l9_t96,运动特征,运动:v=5.92m/s heading=167.3deg,radar,,,,,,,,,,,5.9210524559021,,,,"{""speed_mps"":5.9210524559021,""heading_deg"":167.30213928222656,""vx_mps"":-47.711116790771484,""vy_mps"":10.750298500061035,""vz_mps"":17.836416244506836,""ve_mps"":null,""vn_mps"":null,""vu_mps"":null,""vx"":null,""vy"":null,""physical_vx"":null,""physical_vy"":null,""move_direction"":null}"
tgt_radar_l9_t97,轨迹点,轨迹点:20:46:12 h=355m v=4.44m/s,radar,,9.0,2026-04-14T12:46:34+08:00,,97.0,,bird,,,,,,,,"{""record_id"":""radar_l9_t97"",""line_no"":9,""line_time_beijing"":""2026-04-14T12:46:34+08:00"",""obs_time_beijing"":""2026-04-14T20:46:12.423000+08:00"",""local_target_id"":""97"",""local_track_id"":""track_radar_97"",""global_identity"":null,""target_type"":""bird"",""target_type_code"":5,""model"":null,""quality"":{""alarm_level"":0,""is_white_list"":false,""trusted_for_fusion"":true,""trust_reason"":null,""magic_ok"":true,""length_ok"":true,""snr"":2.6799068450927734,""confidence"":null,""similarity"":null,""report_count"":7.0}}"
loc_radar_l9_t97,空间位置,"位置:112.803527,28.077833,355m",radar,,,,,,,,112.80352696319,28.07783328600508,355.0693359375,,,,,"{""longitude"":112.80352696319,""latitude"":28.07783328600508,""altitude_m"":355.0693359375,""relative_height_m"":null,""distance_m"":3710.075439453125,""azimuth_deg"":184.22142028808594,""pitch_deg"":4.906648635864258}"
mot_radar_l9_t97,运动特征,运动:v=4.44m/s heading=-165.4deg,radar,,,,,,,,,,,4.440789222717285,,,,"{""speed_mps"":4.440789222717285,""heading_deg"":-165.43209838867188,""vx_mps"":-15.363794326782227,""vy_mps"":-3.9927804470062256,""vz_mps"":11.255501747131348,""ve_mps"":null,""vn_mps"":null,""vu_mps"":null,""vx"":null,""vy"":null,""physical_vx"":null,""physical_vy"":null,""move_direction"":null}"
tgt_radar_l9_t100,轨迹点,轨迹点:20:46:15 h=312m v=10.36m/s,radar,,9.0,2026-04-14T12:46:34+08:00,,100.0,,bird,,,,,,,,"{""record_id"":""radar_l9_t100"",""line_no"":9,""line_time_beijing"":""2026-04-14T12:46:34+08:00"",""obs_time_beijing"":""2026-04-14T20:46:15.411000+08:00"",""local_target_id"":""100"",""local_track_id"":""track_radar_100"",""global_identity"":null,""target_type"":""bird"",""target_type_code"":5,""model"":null,""quality"":{""alarm_level"":0,""is_white_list"":false,""trusted_for_fusion"":true,""trust_reason"":null,""magic_ok"":true,""length_ok"":true,""snr"":2.8826024532318115,""confidence"":null,""similarity"":null,""report_count"":6.0}}"
loc_radar_l9_t100,空间位置,"位置:112.841699,28.085175,312m",radar,,,,,,,,112.84169892883158,28.085175232658987,311.71221923828125,,,,,"{""longitude"":112.84169892883158,""latitude"":28.085175232658987,""altitude_m"":311.71221923828125,""relative_height_m"":null,""distance_m"":4512.35595703125,""azimuth_deg"":129.75790405273438,""pitch_deg"":3.489306688308716}"
mot_radar_l9_t100,运动特征,运动:v=10.36m/s heading=-45.3deg,radar,,,,,,,,,,,10.361842155456545,,,,"{""speed_mps"":10.361842155456543,""heading_deg"":-45.34122085571289,""vx_mps"":8.217291831970215,""vy_mps"":-8.315753936767578,""vz_mps"":-5.1476545333862305,""ve_mps"":null,""vn_mps"":null,""vu_mps"":null,""vx"":null,""vy"":null,""physical_vx"":null,""physical_vy"":null,""move_direction"":null}"
tgt_radar_l9_t101,轨迹点,轨迹点:20:46:16 h=355m v=4.44m/s,radar,,9.0,2026-04-14T12:46:34+08:00,,101.0,,bird,,,,,,,,"{""record_id"":""radar_l9_t101"",""line_no"":9,""line_time_beijing"":""2026-04-14T12:46:34+08:00"",""obs_time_beijing"":""2026-04-14T20:46:16.107000+08:00"",""local_target_id"":""101"",""local_track_id"":""track_radar_101"",""global_identity"":null,""target_type"":""bird"",""target_type_code"":5,""model"":null,""quality"":{""alarm_level"":0,""is_white_list"":false,""trusted_for_fusion"":true,""trust_reason"":null,""magic_ok"":true,""length_ok"":true,""snr"":1.367743968963623,""confidence"":null,""similarity"":null,""report_count"":6.0}}"
loc_radar_l9_t101,空间位置,"位置:112.789730,28.063546,355m",radar,,,,,,,,112.78973018403492,28.06354632815172,354.574462890625,,,,,"{""longitude"":112.78973018403492,""latitude"":28.063546328151716,""altitude_m"":354.574462890625,""relative_height_m"":null,""distance_m"":5527.744140625,""azimuth_deg"":197.1056365966797,""pitch_deg"":3.2925283908843994}"
mot_radar_l9_t101,运动特征,运动:v=4.44m/s heading=-84.6deg,radar,,,,,,,,,,,4.440789222717285,,,,"{""speed_mps"":4.440789222717285,""heading_deg"":-84.57281494140625,""vx_mps"":0.15851736068725586,""vy_mps"":-1.6684894561767578,""vz_mps"":-0.8777377605438232,""ve_mps"":null,""vn_mps"":null,""vu_mps"":null,""vx"":null,""vy"":null,""physical_vx"":null,""physical_vy"":null,""move_direction"":null}"
tgt_radar_l9_t102,轨迹点,轨迹点:20:46:20 h=366m v=5.92m/s,radar,,9.0,2026-04-14T12:46:34+08:00,,102.0,,unknown,,,,,,,,"{""record_id"":""radar_l9_t102"",""line_no"":9,""line_time_beijing"":""2026-04-14T12:46:34+08:00"",""obs_time_beijing"":""2026-04-14T20:46:20.849000+08:00"",""local_target_id"":""102"",""local_track_id"":""track_radar_102"",""global_identity"":null,""target_type"":""unknown"",""target_type_code"":0,""model"":null,""quality"":{""alarm_level"":0,""is_white_list"":false,""trusted_for_fusion"":true,""trust_reason"":null,""magic_ok"":true,""length_ok"":true,""snr"":3.0805039405822754,""confidence"":null,""similarity"":null,""report_count"":5.0}}"
loc_radar_l9_t102,空间位置,"位置:112.784957,28.143507,366m",radar,,,,,,,,112.78495749393524,28.14350671777526,366.2921752929688,,,,,"{""longitude"":112.78495749393524,""latitude"":28.14350671777526,""altitude_m"":366.29217529296875,""relative_height_m"":null,""distance_m"":4145.123046875,""azimuth_deg"":329.684326171875,""pitch_deg"":4.547994136810303}"
mot_radar_l9_t102,运动特征,运动:v=5.92m/s heading=1.7deg,radar,,,,,,,,,,,5.9210524559021,,,,"{""speed_mps"":5.9210524559021,""heading_deg"":1.7011663913726807,""vx_mps"":27.267807006835938,""vy_mps"":0.8098452091217041,""vz_mps"":7.264419078826904,""ve_mps"":null,""vn_mps"":null,""vu_mps"":null,""vx"":null,""vy"":null,""physical_vx"":null,""physical_vy"":null,""move_direction"":null}"
tgt_radar_l9_t103,轨迹点,轨迹点:20:46:26 h=191m v=0.00m/s,radar,,9.0,2026-04-14T12:46:34+08:00,,103.0,,unknown,,,,,,,,"{""record_id"":""radar_l9_t103"",""line_no"":9,""line_time_beijing"":""2026-04-14T12:46:34+08:00"",""obs_time_beijing"":""2026-04-14T20:46:26.477000+08:00"",""local_target_id"":""103"",""local_track_id"":""track_radar_103"",""global_identity"":null,""target_type"":""unknown"",""target_type_code"":0,""model"":null,""quality"":{""alarm_level"":0,""is_white_list"":false,""trusted_for_fusion"":true,""trust_reason"":null,""magic_ok"":true,""length_ok"":true,""snr"":3.8267674446105957,""confidence"":null,""similarity"":null,""report_count"":3.0}}"
loc_radar_l9_t103,空间位置,"位置:112.808363,28.077928,191m",radar,,,,,,,,112.80836315107896,28.077928318073045,190.5312347412109,,,,,"{""longitude"":112.80836315107895,""latitude"":28.077928318073045,""altitude_m"":190.53123474121094,""relative_height_m"":null,""distance_m"":3694.951904296875,""azimuth_deg"":176.88137817382812,""pitch_deg"":2.3860199451446533}"
mot_radar_l9_t103,运动特征,运动:v=0.00m/s heading=5.9deg,radar,,,,,,,,,,,0.0,,,,"{""speed_mps"":0.0,""heading_deg"":5.889992713928223,""vx_mps"":97.93373107910156,""vy_mps"":10.103178977966309,""vz_mps"":-1.8384215831756592,""ve_mps"":null,""vn_mps"":null,""vu_mps"":null,""vx"":null,""vy"":null,""physical_vx"":null,""physical_vy"":null,""move_direction"":null}"
tgt_radar_l9_t104,轨迹点,轨迹点:20:46:28 h=108m v=20.72m/s,radar,,9.0,2026-04-14T12:46:34+08:00,,104.0,,unknown,,,,,,,,"{""record_id"":""radar_l9_t104"",""line_no"":9,""line_time_beijing"":""2026-04-14T12:46:34+08:00"",""obs_time_beijing"":""2026-04-14T20:46:28.275000+08:00"",""local_target_id"":""104"",""local_track_id"":""track_radar_104"",""global_identity"":null,""target_type"":""unknown"",""target_type_code"":0,""model"":null,""quality"":{""alarm_level"":1,""is_white_list"":false,""trusted_for_fusion"":true,""trust_reason"":null,""magic_ok"":true,""length_ok"":true,""snr"":24.915725708007812,""confidence"":null,""similarity"":null,""report_count"":1.0}}"
loc_radar_l9_t104,空间位置,"位置:112.808830,28.122362,108m",radar,,,,,,,,112.80883032107938,28.12236187275841,107.84617614746094,,,,,"{""longitude"":112.80883032107938,""latitude"":28.12236187275841,""altitude_m"":107.84617614746094,""relative_height_m"":null,""distance_m"":1259.1878662109375,""azimuth_deg"":11.299210548400879,""pitch_deg"":3.2397634983062744}"
mot_radar_l9_t104,运动特征,运动:v=20.72m/s heading=-97.7deg,radar,,,,,,,,,,,20.72368431091309,,,,"{""speed_mps"":20.723684310913086,""heading_deg"":-97.74303436279297,""vx_mps"":-2.6035125255584717,""vy_mps"":-19.14767837524414,""vz_mps"":-1.334564208984375,""ve_mps"":null,""vn_mps"":null,""vu_mps"":null,""vx"":null,""vy"":null,""physical_vx"":null,""physical_vy"":null,""move_direction"":null}"
tgt_radar_l9_t105,轨迹点,轨迹点:20:46:31 h=533m v=29.61m/s,radar,,9.0,2026-04-14T12:46:34+08:00,,105.0,,unknown,,,,,,,,"{""record_id"":""radar_l9_t105"",""line_no"":9,""line_time_beijing"":""2026-04-14T12:46:34+08:00"",""obs_time_beijing"":""2026-04-14T20:46:31.069000+08:00"",""local_target_id"":""105"",""local_track_id"":""track_radar_105"",""global_identity"":null,""target_type"":""unknown"",""target_type_code"":0,""model"":null,""quality"":{""alarm_level"":0,""is_white_list"":false,""trusted_for_fusion"":true,""trust_reason"":null,""magic_ok"":true,""length_ok"":true,""snr"":4.2226948738098145,""confidence"":null,""similarity"":null,""report_count"":2.0}}"
loc_radar_l9_t105,空间位置,"位置:112.769416,28.129653,533m",radar,,,,,,,,112.76941576455656,28.129652791950715,533.3184204101562,,,,,"{""longitude"":112.76941576455657,""latitude"":28.129652791950715,""altitude_m"":533.3184204101562,""relative_height_m"":null,""distance_m"":4152.9521484375,""azimuth_deg"":299.4733581542969,""pitch_deg"":6.820932388305664}"
mot_radar_l9_t105,运动特征,运动:v=29.61m/s heading=84.7deg,radar,,,,,,,,,,,29.605262756347656,,,,"{""speed_mps"":29.605262756347656,""heading_deg"":84.71613311767578,""vx_mps"":2.2156505584716797,""vy_mps"":23.957324981689453,""vz_mps"":48.828819274902344,""ve_mps"":null,""vn_mps"":null,""vu_mps"":null,""vx"":null,""vy"":null,""physical_vx"":null,""physical_vy"":null,""move_direction"":null}"
tgt_radar_l9_t106,轨迹点,轨迹点:20:46:33 h=148m v=8.88m/s,radar,,9.0,2026-04-14T12:46:34+08:00,,106.0,,unknown,,,,,,,,"{""record_id"":""radar_l9_t106"",""line_no"":9,""line_time_beijing"":""2026-04-14T12:46:34+08:00"",""obs_time_beijing"":""2026-04-14T20:46:33.134000+08:00"",""local_target_id"":""106"",""local_track_id"":""track_radar_106"",""global_identity"":null,""target_type"":""unknown"",""target_type_code"":0,""model"":null,""quality"":{""alarm_level"":1,""is_white_list"":false,""trusted_for_fusion"":true,""trust_reason"":null,""magic_ok"":true,""length_ok"":true,""snr"":6.746506214141846,""confidence"":null,""similarity"":null,""report_count"":1.0}}"
loc_radar_l9_t106,空间位置,"位置:112.810391,28.103818,148m",radar,,,,,,,,112.81039090558892,28.103818108830705,147.70880126953125,,,,,"{""longitude"":112.81039090558893,""latitude"":28.103818108830705,""altitude_m"":147.70880126953125,""relative_height_m"":null,""distance_m"":912.4989624023438,""azimuth_deg"":154.0208282470703,""pitch_deg"":6.944199562072754}"
mot_radar_l9_t106,运动特征,运动:v=8.88m/s heading=-104.4deg,radar,,,,,,,,,,,8.88157844543457,,,,"{""speed_mps"":8.88157844543457,""heading_deg"":-104.3720703125,""vx_mps"":-3.804389238357544,""vy_mps"":-14.84715461730957,""vz_mps"":1.6336883306503296,""ve_mps"":null,""vn_mps"":null,""vu_mps"":null,""vx"":null,""vy"":null,""physical_vx"":null,""physical_vy"":null,""move_direction"":null}"
obs_radar_l11,观测帧,radar观测帧11,radar,,11.0,2026-04-14T12:46:35+08:00,,,,,,,,,,,,"{""line_no"":11,""line_time_beijing"":""2026-04-14T12:46:35+08:00"",""obs_time_beijing"":""2026-04-14T20:46:33.134000+08:00"",""obs_time_ms"":1776170793134,""record_type"":""target""}"
tw_20260414_124635,时间窗口,tw_20260414_124635,system,,,,,,,,,,,,,,,"{""time_window_id"":""tw_20260414_124635""}"
tgt_radar_l11_t29,轨迹点,轨迹点:20:44:07 h=753m v=7.40m/s,radar,,11.0,2026-04-14T12:46:35+08:00,,29.0,,bird,,,,,,,,"{""record_id"":""radar_l11_t29"",""line_no"":11,""line_time_beijing"":""2026-04-14T12:46:35+08:00"",""obs_time_beijing"":""2026-04-14T20:44:07.478000+08:00"",""local_target_id"":""29"",""local_track_id"":""track_radar_29"",""global_identity"":null,""target_type"":""bird"",""target_type_code"":5,""model"":null,""quality"":{""alarm_level"":0,""is_white_list"":false,""trusted_for_fusion"":true,""trust_reason"":null,""magic_ok"":true,""length_ok"":true,""snr"":3.5179624557495117,""confidence"":null,""similarity"":null,""report_count"":42.0}}"
loc_radar_l11_t29,空间位置,"位置:112.753956,28.125117,753m",radar,,,,,,,,112.75395568557032,28.125117469123783,752.89599609375,,,,,"{""longitude"":112.75395568557033,""latitude"":28.125117469123783,""altitude_m"":752.89599609375,""relative_height_m"":null,""distance_m"":5357.1318359375,""azimuth_deg"":286.72052001953125,""pitch_deg"":7.616097450256348}"
mot_radar_l11_t29,运动特征,运动:v=7.40m/s heading=15.6deg,radar,,,,,,,,,,,7.401315689086914,,,,"{""speed_mps"":7.401315689086914,""heading_deg"":15.6395263671875,""vx_mps"":1.2812283039093018,""vy_mps"":0.35867834091186523,""vz_mps"":-15.631917953491211,""ve_mps"":null,""vn_mps"":null,""vu_mps"":null,""vx"":null,""vy"":null,""physical_vx"":null,""physical_vy"":null,""move_direction"":null}"
tgt_radar_l11_t58,轨迹点,轨迹点:20:44:52 h=428m v=5.92m/s,radar,,11.0,2026-04-14T12:46:35+08:00,,58.0,,bird,,,,,,,,"{""record_id"":""radar_l11_t58"",""line_no"":11,""line_time_beijing"":""2026-04-14T12:46:35+08:00"",""obs_time_beijing"":""2026-04-14T20:44:52.828000+08:00"",""local_target_id"":""58"",""local_track_id"":""track_radar_58"",""global_identity"":null,""target_type"":""bird"",""target_type_code"":5,""model"":null,""quality"":{""alarm_level"":0,""is_white_list"":false,""trusted_for_fusion"":true,""trust_reason"":null,""magic_ok"":true,""length_ok"":true,""snr"":3.347337245941162,""confidence"":null,""similarity"":null,""report_count"":30.0}}"
loc_radar_l11_t58,空间位置,"位置:112.766216,28.126416,428m",radar,,,,,,,,112.76621567968914,28.126415953188182,428.1361999511719,,,,,"{""longitude"":112.76621567968914,""latitude"":28.126415953188182,""altitude_m"":428.1361999511719,""relative_height_m"":null,""distance_m"":4275.13330078125,""azimuth_deg"":293.2081298828125,""pitch_deg"":5.233209609985352}"
mot_radar_l11_t58,运动特征,运动:v=5.92m/s heading=-62.7deg,radar,,,,,,,,,,,5.9210524559021,,,,"{""speed_mps"":5.9210524559021,""heading_deg"":-62.670162200927734,""vx_mps"":3.379639148712158,""vy_mps"":-6.5395731925964355,""vz_mps"":-2.3243677616119385,""ve_mps"":null,""vn_mps"":null,""vu_mps"":null,""vx"":null,""vy"":null,""physical_vx"":null,""physical_vy"":null,""move_direction"":null}"
tgt_radar_l11_t71,轨迹点,轨迹点:20:45:23 h=176m v=2.96m/s,radar,,11.0,2026-04-14T12:46:35+08:00,,71.0,,bird,,,,,,,,"{""record_id"":""radar_l11_t71"",""line_no"":11,""line_time_beijing"":""2026-04-14T12:46:35+08:00"",""obs_time_beijing"":""2026-04-14T20:45:23.965000+08:00"",""local_target_id"":""71"",""local_track_id"":""track_radar_71"",""global_identity"":null,""target_type"":""bird"",""target_type_code"":5,""model"":null,""quality"":{""alarm_level"":1,""is_white_list"":false,""trusted_for_fusion"":true,""trust_reason"":null,""magic_ok"":true,""length_ok"":true,""snr"":3.909566879272461,""confidence"":null,""similarity"":null,""report_count"":21.0}}"
loc_radar_l11_t71,空间位置,"位置:112.793652,28.110375,176m",radar,,,,,,,,112.79365221378356,28.11037461192732,176.3963165283203,,,,,"{""longitude"":112.79365221378356,""latitude"":28.110374611927316,""altitude_m"":176.3963165283203,""relative_height_m"":null,""distance_m"":1244.337646484375,""azimuth_deg"":265.6849670410156,""pitch_deg"":6.411435604095459}"
mot_radar_l11_t71,运动特征,运动:v=2.96m/s heading=89.5deg,radar,,,,,,,,,,,2.96052622795105,,,,"{""speed_mps"":2.96052622795105,""heading_deg"":89.47651672363281,""vx_mps"":0.11179327964782715,""vy_mps"":12.235603332519531,""vz_mps"":-2.521488904953003,""ve_mps"":null,""vn_mps"":null,""vu_mps"":null,""vx"":null,""vy"":null,""physical_vx"":null,""physical_vy"":null,""move_direction"":null}"
tgt_radar_l11_t74,轨迹点,轨迹点:20:45:27 h=227m v=8.88m/s,radar,,11.0,2026-04-14T12:46:35+08:00,,74.0,,bird,,,,,,,,"{""record_id"":""radar_l11_t74"",""line_no"":11,""line_time_beijing"":""2026-04-14T12:46:35+08:00"",""obs_time_beijing"":""2026-04-14T20:45:27.490000+08:00"",""local_target_id"":""74"",""local_track_id"":""track_radar_74"",""global_identity"":null,""target_type"":""bird"",""target_type_code"":5,""model"":null,""quality"":{""alarm_level"":4,""is_white_list"":false,""trusted_for_fusion"":true,""trust_reason"":null,""magic_ok"":true,""length_ok"":true,""snr"":8.864205360412598,""confidence"":null,""similarity"":null,""report_count"":20.0}}"
loc_radar_l11_t74,空间位置,"位置:112.789704,28.106001,227m",radar,,,,,,,,112.78970352792558,28.106001090789054,227.1314239501953,,,,,"{""longitude"":112.78970352792558,""latitude"":28.106001090789054,""altitude_m"":227.1314239501953,""relative_height_m"":null,""distance_m"":1727.5306396484375,""azimuth_deg"":250.44357299804688,""pitch_deg"":6.294765949249268}"
mot_radar_l11_t74,运动特征,运动:v=8.88m/s heading=178.0deg,radar,,,,,,,,,,,8.88157844543457,,,,"{""speed_mps"":8.88157844543457,""heading_deg"":178.02236938476562,""vx_mps"":-7.591515064239502,""vy_mps"":0.26213502883911133,""vz_mps"":-0.0922856330871582,""ve_mps"":null,""vn_mps"":null,""vu_mps"":null,""vx"":null,""vy"":null,""physical_vx"":null,""physical_vy"":null,""move_direction"":null}"
tgt_radar_l11_t79,轨迹点,轨迹点:20:45:33 h=379m v=5.92m/s,radar,,11.0,2026-04-14T12:46:35+08:00,,79.0,,bird,,,,,,,,"{""record_id"":""radar_l11_t79"",""line_no"":11,""line_time_beijing"":""2026-04-14T12:46:35+08:00"",""obs_time_beijing"":""2026-04-14T20:45:33.972000+08:00"",""local_target_id"":""79"",""local_track_id"":""track_radar_79"",""global_identity"":null,""target_type"":""bird"",""target_type_code"":5,""model"":null,""quality"":{""alarm_level"":0,""is_white_list"":false,""trusted_for_fusion"":true,""trust_reason"":null,""magic_ok"":true,""length_ok"":true,""snr"":2.7565581798553467,""confidence"":null,""similarity"":null,""report_count"":18.0}}"
loc_radar_l11_t79,空间位置,"位置:112.805581,28.084232,379m",radar,,,,,,,,112.80558097290717,28.084232043022997,378.69964599609375,,,,,"{""longitude"":112.80558097290715,""latitude"":28.084232043022993,""altitude_m"":378.69964599609375,""relative_height_m"":null,""distance_m"":2991.74560546875,""azimuth_deg"":181.37388610839844,""pitch_deg"":6.523882865905762}"
mot_radar_l11_t79,运动特征,运动:v=5.92m/s heading=90.9deg,radar,,,,,,,,,,,5.9210524559021,,,,"{""speed_mps"":5.9210524559021,""heading_deg"":90.9087142944336,""vx_mps"":-0.12047195434570312,""vy_mps"":7.595340251922607,""vz_mps"":-12.25887393951416,""ve_mps"":null,""vn_mps"":null,""vu_mps"":null,""vx"":null,""vy"":null,""physical_vx"":null,""physical_vy"":null,""move_direction"":null}"
tgt_radar_l11_t80,轨迹点,轨迹点:20:45:33 h=192m v=5.92m/s,radar,,11.0,2026-04-14T12:46:35+08:00,,80.0,,bird,,,,,,,,"{""record_id"":""radar_l11_t80"",""line_no"":11,""line_time_beijing"":""2026-04-14T12:46:35+08:00"",""obs_time_beijing"":""2026-04-14T20:45:33.974000+08:00"",""local_target_id"":""80"",""local_track_id"":""track_radar_80"",""global_identity"":null,""target_type"":""bird"",""target_type_code"":5,""model"":null,""quality"":{""alarm_level"":0,""is_white_list"":false,""trusted_for_fusion"":true,""trust_reason"":null,""magic_ok"":true,""length_ok"":true,""snr"":1.7029637098312378,""confidence"":null,""similarity"":null,""report_count"":18.0}}"
loc_radar_l11_t80,空间位置,"位置:112.803836,28.073560,192m",radar,,,,,,,,112.80383611710285,28.073559956965536,192.1045684814453,,,,,"{""longitude"":112.80383611710285,""latitude"":28.073559956965536,""altitude_m"":192.1045684814453,""relative_height_m"":null,""distance_m"":4180.64892578125,""azimuth_deg"":183.32949829101562,""pitch_deg"":2.130618095397949}"
mot_radar_l11_t80,运动特征,运动:v=5.92m/s heading=166.0deg,radar,,,,,,,,,,,5.9210524559021,,,,"{""speed_mps"":5.9210524559021,""heading_deg"":165.980224609375,""vx_mps"":-7.391382217407227,""vy_mps"":1.8455886840820312,""vz_mps"":11.818397521972656,""ve_mps"":null,""vn_mps"":null,""vu_mps"":null,""vx"":null,""vy"":null,""physical_vx"":null,""physical_vy"":null,""move_direction"":null}"
tgt_radar_l11_t81,轨迹点,轨迹点:20:45:34 h=215m v=2.96m/s,radar,,11.0,2026-04-14T12:46:35+08:00,,81.0,,bird,,,,,,,,"{""record_id"":""radar_l11_t81"",""line_no"":11,""line_time_beijing"":""2026-04-14T12:46:35+08:00"",""obs_time_beijing"":""2026-04-14T20:45:34.091000+08:00"",""local_target_id"":""81"",""local_track_id"":""track_radar_81"",""global_identity"":null,""target_type"":""bird"",""target_type_code"":5,""model"":null,""quality"":{""alarm_level"":0,""is_white_list"":false,""trusted_for_fusion"":true,""trust_reason"":null,""magic_ok"":true,""length_ok"":true,""snr"":3.6111509799957275,""confidence"":null,""similarity"":null,""report_count"":18.0}}"
loc_radar_l11_t81,空间位置,"位置:112.798451,28.072138,215m",radar,,,,,,,,112.79845117997505,28.0721384329906,214.80706787109372,,,,,"{""longitude"":112.79845117997503,""latitude"":28.072138432990602,""altitude_m"":214.80706787109375,""relative_height_m"":null,""distance_m"":4399.15283203125,""azimuth_deg"":190.090576171875,""pitch_deg"":2.3201396465301514}"
mot_radar_l11_t81,运动特征,运动:v=2.96m/s heading=-175.7deg,radar,,,,,,,,,,,2.96052622795105,,,,"{""speed_mps"":2.96052622795105,""heading_deg"":-175.7158203125,""vx_mps"":-11.675411224365234,""vy_mps"":-0.8746366500854492,""vz_mps"":-5.3325514793396,""ve_mps"":null,""vn_mps"":null,""vu_mps"":null,""vx"":null,""vy"":null,""physical_vx"":null,""physical_vy"":null,""move_direction"":null}"
tgt_radar_l11_t87,轨迹点,轨迹点:20:45:48 h=297m v=14.80m/s,radar,,11.0,2026-04-14T12:46:35+08:00,,87.0,,bird,,,,,,,,"{""record_id"":""radar_l11_t87"",""line_no"":11,""line_time_beijing"":""2026-04-14T12:46:35+08:00"",""obs_time_beijing"":""2026-04-14T20:45:48.807000+08:00"",""local_target_id"":""87"",""local_track_id"":""track_radar_87"",""global_identity"":null,""target_type"":""bird"",""target_type_code"":5,""model"":null,""quality"":{""alarm_level"":1,""is_white_list"":false,""trusted_for_fusion"":true,""trust_reason"":null,""magic_ok"":true,""length_ok"":true,""snr"":19.694110870361328,""confidence"":null,""similarity"":null,""report_count"":14.0}}"
loc_radar_l11_t87,空间位置,"位置:112.793672,28.111904,297m",radar,,,,,,,,112.79367186182157,28.111904458380497,296.55377197265625,,,,,"{""longitude"":112.79367186182157,""latitude"":28.111904458380497,""altitude_m"":296.55377197265625,""relative_height_m"":null,""distance_m"":1241.1912841796875,""azimuth_deg"":273.5067138671875,""pitch_deg"":11.830312728881836}"
mot_radar_l11_t87,运动特征,运动:v=14.80m/s heading=3.2deg,radar,,,,,,,,,,,14.802631378173828,,,,"{""speed_mps"":14.802631378173828,""heading_deg"":3.1685659885406494,""vx_mps"":12.379359245300293,""vy_mps"":0.6853009462356567,""vz_mps"":0.38654598593711853,""ve_mps"":null,""vn_mps"":null,""vu_mps"":null,""vx"":null,""vy"":null,""physical_vx"":null,""physical_vy"":null,""move_direction"":null}"
tgt_radar_l11_t88,轨迹点,轨迹点:20:45:53 h=558m v=7.40m/s,radar,,11.0,2026-04-14T12:46:35+08:00,,88.0,,bird,,,,,,,,"{""record_id"":""radar_l11_t88"",""line_no"":11,""line_time_beijing"":""2026-04-14T12:46:35+08:00"",""obs_time_beijing"":""2026-04-14T20:45:53.204000+08:00"",""local_target_id"":""88"",""local_track_id"":""track_radar_88"",""global_identity"":null,""target_type"":""bird"",""target_type_code"":5,""model"":null,""quality"":{""alarm_level"":0,""is_white_list"":false,""trusted_for_fusion"":true,""trust_reason"":null,""magic_ok"":true,""length_ok"":true,""snr"":3.378905773162842,""confidence"":null,""similarity"":null,""report_count"":12.0}}"
loc_radar_l11_t88,空间位置,"位置:112.819534,28.177146,558m",radar,,,,,,,,112.81953367162744,28.177146093086865,557.6392211914062,,,,,"{""longitude"":112.81953367162745,""latitude"":28.177146093086865,""altitude_m"":557.6392211914062,""relative_height_m"":null,""distance_m"":7420.1142578125,""azimuth_deg"":10.050589561462402,""pitch_deg"":4.016937732696533}"
mot_radar_l11_t88,运动特征,运动:v=7.40m/s heading=-170.8deg,radar,,,,,,,,,,,7.401315689086914,,,,"{""speed_mps"":7.401315689086914,""heading_deg"":-170.76612854003906,""vx_mps"":-11.265832901000977,""vy_mps"":-1.831502079963684,""vz_mps"":17.090110778808594,""ve_mps"":null,""vn_mps"":null,""vu_mps"":null,""vx"":null,""vy"":null,""physical_vx"":null,""physical_vy"":null,""move_direction"":null}"
tgt_radar_l11_t89,轨迹点,轨迹点:20:45:53 h=377m v=5.92m/s,radar,,11.0,2026-04-14T12:46:35+08:00,,89.0,,bird,,,,,,,,"{""record_id"":""radar_l11_t89"",""line_no"":11,""line_time_beijing"":""2026-04-14T12:46:35+08:00"",""obs_time_beijing"":""2026-04-14T20:45:53.620000+08:00"",""local_target_id"":""89"",""local_track_id"":""track_radar_89"",""global_identity"":null,""target_type"":""bird"",""target_type_code"":5,""model"":null,""quality"":{""alarm_level"":1,""is_white_list"":false,""trusted_for_fusion"":true,""trust_reason"":null,""magic_ok"":true,""length_ok"":true,""snr"":9.019197463989258,""confidence"":null,""similarity"":null,""report_count"":13.0}}"
loc_radar_l11_t89,空间位置,"位置:112.813915,28.119653,377m",radar,,,,,,,,112.81391543583428,28.11965336152872,377.0982666015625,,,,,"{""longitude"":112.81391543583429,""latitude"":28.11965336152872,""altitude_m"":377.0982666015625,""relative_height_m"":null,""distance_m"":1195.2611083984375,""azimuth_deg"":38.5604362487793,""pitch_deg"":15.902180671691895}"
mot_radar_l11_t89,运动特征,运动:v=5.92m/s heading=52.1deg,radar,,,,,,,,,,,5.9210524559021,,,,"{""speed_mps"":5.9210524559021,""heading_deg"":52.118099212646484,""vx_mps"":8.507475852966309,""vy_mps"":10.93545913696289,""vz_mps"":2.107710123062134,""ve_mps"":null,""vn_mps"":null,""vu_mps"":null,""vx"":null,""vy"":null,""physical_vx"":null,""physical_vy"":null,""move_direction"":null}"
tgt_radar_l11_t94,轨迹点,轨迹点:20:46:07 h=116m v=5.92m/s,radar,,11.0,2026-04-14T12:46:35+08:00,,94.0,,bird,,,,,,,,"{""record_id"":""radar_l11_t94"",""line_no"":11,""line_time_beijing"":""2026-04-14T12:46:35+08:00"",""obs_time_beijing"":""2026-04-14T20:46:07.580000+08:00"",""local_target_id"":""94"",""local_track_id"":""track_radar_94"",""global_identity"":null,""target_type"":""bird"",""target_type_code"":5,""model"":null,""quality"":{""alarm_level"":1,""is_white_list"":false,""trusted_for_fusion"":true,""trust_reason"":null,""magic_ok"":true,""length_ok"":true,""snr"":6.029407501220703,""confidence"":null,""similarity"":null,""report_count"":9.0}}"
loc_radar_l11_t94,空间位置,"位置:112.814858,28.118803,116m",radar,,,,,,,,112.81485798845564,28.11880252075728,115.7370376586914,,,,,"{""longitude"":112.81485798845563,""latitude"":28.11880252075728,""altitude_m"":115.7370376586914,""relative_height_m"":null,""distance_m"":1186.3697509765625,""azimuth_deg"":44.9002799987793,""pitch_deg"":3.8177154064178467}"
mot_radar_l11_t94,运动特征,运动:v=5.92m/s heading=68.2deg,radar,,,,,,,,,,,5.9210524559021,,,,"{""speed_mps"":5.9210524559021,""heading_deg"":68.15204620361328,""vx_mps"":2.289665460586548,""vy_mps"":5.710705757141113,""vz_mps"":-0.1911427229642868,""ve_mps"":null,""vn_mps"":null,""vu_mps"":null,""vx"":null,""vy"":null,""physical_vx"":null,""physical_vy"":null,""move_direction"":null}"
tgt_radar_l11_t95,轨迹点,轨迹点:20:46:12 h=288m v=2.96m/s,radar,,11.0,2026-04-14T12:46:35+08:00,,95.0,,bird,,,,,,,,"{""record_id"":""radar_l11_t95"",""line_no"":11,""line_time_beijing"":""2026-04-14T12:46:35+08:00"",""obs_time_beijing"":""2026-04-14T20:46:12.236000+08:00"",""local_target_id"":""95"",""local_track_id"":""track_radar_95"",""global_identity"":null,""target_type"":""bird"",""target_type_code"":5,""model"":null,""quality"":{""alarm_level"":0,""is_white_list"":false,""trusted_for_fusion"":true,""trust_reason"":null,""magic_ok"":true,""length_ok"":true,""snr"":4.3420305252075195,""confidence"":null,""similarity"":null,""report_count"":6.0}}"
loc_radar_l11_t95,空间位置,"位置:112.821698,28.078460,288m",radar,,,,,,,,112.8216976945058,28.078459792271246,287.7716369628906,,,,,"{""longitude"":112.82169769450581,""latitude"":28.078459792271246,""altitude_m"":287.7716369628906,""relative_height_m"":null,""distance_m"":3931.326416015625,""azimuth_deg"":157.439697265625,""pitch_deg"":3.6560826301574707}"
mot_radar_l11_t95,运动特征,运动:v=2.96m/s heading=17.6deg,radar,,,,,,,,,,,2.96052622795105,,,,"{""speed_mps"":2.96052622795105,""heading_deg"":17.599267959594727,""vx_mps"":20.244775772094727,""vy_mps"":6.421736717224121,""vz_mps"":3.715238571166992,""ve_mps"":null,""vn_mps"":null,""vu_mps"":null,""vx"":null,""vy"":null,""physical_vx"":null,""physical_vy"":null,""move_direction"":null}"
tgt_radar_l11_t96,轨迹点,轨迹点:20:46:12 h=541m v=5.92m/s,radar,,11.0,2026-04-14T12:46:35+08:00,,96.0,,bird,,,,,,,,"{""record_id"":""radar_l11_t96"",""line_no"":11,""line_time_beijing"":""2026-04-14T12:46:35+08:00"",""obs_time_beijing"":""2026-04-14T20:46:12.349000+08:00"",""local_target_id"":""96"",""local_track_id"":""track_radar_96"",""global_identity"":null,""target_type"":""bird"",""target_type_code"":5,""model"":null,""quality"":{""alarm_level"":0,""is_white_list"":false,""trusted_for_fusion"":true,""trust_reason"":null,""magic_ok"":true,""length_ok"":true,""snr"":1.4172024726867676,""confidence"":null,""similarity"":null,""report_count"":7.0}}"
loc_radar_l11_t96,空间位置,"位置:112.796907,28.080429,541m",radar,,,,,,,,112.79690703686724,28.080428536366345,541.4061279296875,,,,,"{""longitude"":112.79690703686724,""latitude"":28.080428536366345,""altitude_m"":541.4061279296875,""relative_height_m"":null,""distance_m"":3534.7490234375,""azimuth_deg"":195.1210479736328,""pitch_deg"":8.128067970275879}"
mot_radar_l11_t96,运动特征,运动:v=5.92m/s heading=167.3deg,radar,,,,,,,,,,,5.9210524559021,,,,"{""speed_mps"":5.9210524559021,""heading_deg"":167.30213928222656,""vx_mps"":-47.711116790771484,""vy_mps"":10.750298500061035,""vz_mps"":17.836416244506836,""ve_mps"":null,""vn_mps"":null,""vu_mps"":null,""vx"":null,""vy"":null,""physical_vx"":null,""physical_vy"":null,""move_direction"":null}"
tgt_radar_l11_t97,轨迹点,轨迹点:20:46:12 h=355m v=4.44m/s,radar,,11.0,2026-04-14T12:46:35+08:00,,97.0,,bird,,,,,,,,"{""record_id"":""radar_l11_t97"",""line_no"":11,""line_time_beijing"":""2026-04-14T12:46:35+08:00"",""obs_time_beijing"":""2026-04-14T20:46:12.423000+08:00"",""local_target_id"":""97"",""local_track_id"":""track_radar_97"",""global_identity"":null,""target_type"":""bird"",""target_type_code"":5,""model"":null,""quality"":{""alarm_level"":0,""is_white_list"":false,""trusted_for_fusion"":true,""trust_reason"":null,""magic_ok"":true,""length_ok"":true,""snr"":2.6799068450927734,""confidence"":null,""similarity"":null,""report_count"":7.0}}"
loc_radar_l11_t97,空间位置,"位置:112.803527,28.077833,355m",radar,,,,,,,,112.80352696319,28.07783328600508,355.0693359375,,,,,"{""longitude"":112.80352696319,""latitude"":28.07783328600508,""altitude_m"":355.0693359375,""relative_height_m"":null,""distance_m"":3710.075439453125,""azimuth_deg"":184.22142028808594,""pitch_deg"":4.906648635864258}"
mot_radar_l11_t97,运动特征,运动:v=4.44m/s heading=-165.4deg,radar,,,,,,,,,,,4.440789222717285,,,,"{""speed_mps"":4.440789222717285,""heading_deg"":-165.43209838867188,""vx_mps"":-15.363794326782227,""vy_mps"":-3.9927804470062256,""vz_mps"":11.255501747131348,""ve_mps"":null,""vn_mps"":null,""vu_mps"":null,""vx"":null,""vy"":null,""physical_vx"":null,""physical_vy"":null,""move_direction"":null}"
tgt_radar_l11_t100,轨迹点,轨迹点:20:46:15 h=312m v=10.36m/s,radar,,11.0,2026-04-14T12:46:35+08:00,,100.0,,bird,,,,,,,,"{""record_id"":""radar_l11_t100"",""line_no"":11,""line_time_beijing"":""2026-04-14T12:46:35+08:00"",""obs_time_beijing"":""2026-04-14T20:46:15.411000+08:00"",""local_target_id"":""100"",""local_track_id"":""track_radar_100"",""global_identity"":null,""target_type"":""bird"",""target_type_code"":5,""model"":null,""quality"":{""alarm_level"":0,""is_white_list"":false,""trusted_for_fusion"":true,""trust_reason"":null,""magic_ok"":true,""length_ok"":true,""snr"":2.8826024532318115,""confidence"":null,""similarity"":null,""report_count"":6.0}}"
loc_radar_l11_t100,空间位置,"位置:112.841699,28.085175,312m",radar,,,,,,,,112.84169892883158,28.085175232658987,311.71221923828125,,,,,"{""longitude"":112.84169892883158,""latitude"":28.085175232658987,""altitude_m"":311.71221923828125,""relative_height_m"":null,""distance_m"":4512.35595703125,""azimuth_deg"":129.75790405273438,""pitch_deg"":3.489306688308716}"
mot_radar_l11_t100,运动特征,运动:v=10.36m/s heading=-45.3deg,radar,,,,,,,,,,,10.361842155456545,,,,"{""speed_mps"":10.361842155456543,""heading_deg"":-45.34122085571289,""vx_mps"":8.217291831970215,""vy_mps"":-8.315753936767578,""vz_mps"":-5.1476545333862305,""ve_mps"":null,""vn_mps"":null,""vu_mps"":null,""vx"":null,""vy"":null,""physical_vx"":null,""physical_vy"":null,""move_direction"":null}"
tgt_radar_l11_t101,轨迹点,轨迹点:20:46:16 h=355m v=4.44m/s,radar,,11.0,2026-04-14T12:46:35+08:00,,101.0,,bird,,,,,,,,"{""record_id"":""radar_l11_t101"",""line_no"":11,""line_time_beijing"":""2026-04-14T12:46:35+08:00"",""obs_time_beijing"":""2026-04-14T20:46:16.107000+08:00"",""local_target_id"":""101"",""local_track_id"":""track_radar_101"",""global_identity"":null,""target_type"":""bird"",""target_type_code"":5,""model"":null,""quality"":{""alarm_level"":0,""is_white_list"":false,""trusted_for_fusion"":true,""trust_reason"":null,""magic_ok"":true,""length_ok"":true,""snr"":1.367743968963623,""confidence"":null,""similarity"":null,""report_count"":6.0}}"
loc_radar_l11_t101,空间位置,"位置:112.789730,28.063546,355m",radar,,,,,,,,112.78973018403492,28.06354632815172,354.574462890625,,,,,"{""longitude"":112.78973018403492,""latitude"":28.063546328151716,""altitude_m"":354.574462890625,""relative_height_m"":null,""distance_m"":5527.744140625,""azimuth_deg"":197.1056365966797,""pitch_deg"":3.2925283908843994}"
mot_radar_l11_t101,运动特征,运动:v=4.44m/s heading=-84.6deg,radar,,,,,,,,,,,4.440789222717285,,,,"{""speed_mps"":4.440789222717285,""heading_deg"":-84.57281494140625,""vx_mps"":0.15851736068725586,""vy_mps"":-1.6684894561767578,""vz_mps"":-0.8777377605438232,""ve_mps"":null,""vn_mps"":null,""vu_mps"":null,""vx"":null,""vy"":null,""physical_vx"":null,""physical_vy"":null,""move_direction"":null}"
tgt_radar_l11_t102,轨迹点,轨迹点:20:46:20 h=366m v=5.92m/s,radar,,11.0,2026-04-14T12:46:35+08:00,,102.0,,unknown,,,,,,,,"{""record_id"":""radar_l11_t102"",""line_no"":11,""line_time_beijing"":""2026-04-14T12:46:35+08:00"",""obs_time_beijing"":""2026-04-14T20:46:20.849000+08:00"",""local_target_id"":""102"",""local_track_id"":""track_radar_102"",""global_identity"":null,""target_type"":""unknown"",""target_type_code"":0,""model"":null,""quality"":{""alarm_level"":0,""is_white_list"":false,""trusted_for_fusion"":true,""trust_reason"":null,""magic_ok"":true,""length_ok"":true,""snr"":3.0805039405822754,""confidence"":null,""similarity"":null,""report_count"":5.0}}"
loc_radar_l11_t102,空间位置,"位置:112.784957,28.143507,366m",radar,,,,,,,,112.78495749393524,28.14350671777526,366.2921752929688,,,,,"{""longitude"":112.78495749393524,""latitude"":28.14350671777526,""altitude_m"":366.29217529296875,""relative_height_m"":null,""distance_m"":4145.123046875,""azimuth_deg"":329.684326171875,""pitch_deg"":4.547994136810303}"
mot_radar_l11_t102,运动特征,运动:v=5.92m/s heading=1.7deg,radar,,,,,,,,,,,5.9210524559021,,,,"{""speed_mps"":5.9210524559021,""heading_deg"":1.7011663913726807,""vx_mps"":27.267807006835938,""vy_mps"":0.8098452091217041,""vz_mps"":7.264419078826904,""ve_mps"":null,""vn_mps"":null,""vu_mps"":null,""vx"":null,""vy"":null,""physical_vx"":null,""physical_vy"":null,""move_direction"":null}"
tgt_radar_l11_t103,轨迹点,轨迹点:20:46:26 h=191m v=0.00m/s,radar,,11.0,2026-04-14T12:46:35+08:00,,103.0,,unknown,,,,,,,,"{""record_id"":""radar_l11_t103"",""line_no"":11,""line_time_beijing"":""2026-04-14T12:46:35+08:00"",""obs_time_beijing"":""2026-04-14T20:46:26.477000+08:00"",""local_target_id"":""103"",""local_track_id"":""track_radar_103"",""global_identity"":null,""target_type"":""unknown"",""target_type_code"":0,""model"":null,""quality"":{""alarm_level"":0,""is_white_list"":false,""trusted_for_fusion"":true,""trust_reason"":null,""magic_ok"":true,""length_ok"":true,""snr"":3.8267674446105957,""confidence"":null,""similarity"":null,""report_count"":3.0}}"
loc_radar_l11_t103,空间位置,"位置:112.808363,28.077928,191m",radar,,,,,,,,112.80836315107896,28.077928318073045,190.5312347412109,,,,,"{""longitude"":112.80836315107895,""latitude"":28.077928318073045,""altitude_m"":190.53123474121094,""relative_height_m"":null,""distance_m"":3694.951904296875,""azimuth_deg"":176.88137817382812,""pitch_deg"":2.3860199451446533}"
mot_radar_l11_t103,运动特征,运动:v=0.00m/s heading=5.9deg,radar,,,,,,,,,,,0.0,,,,"{""speed_mps"":0.0,""heading_deg"":5.889992713928223,""vx_mps"":97.93373107910156,""vy_mps"":10.103178977966309,""vz_mps"":-1.8384215831756592,""ve_mps"":null,""vn_mps"":null,""vu_mps"":null,""vx"":null,""vy"":null,""physical_vx"":null,""physical_vy"":null,""move_direction"":null}"
tgt_radar_l11_t105,轨迹点,轨迹点:20:46:31 h=533m v=29.61m/s,radar,,11.0,2026-04-14T12:46:35+08:00,,105.0,,unknown,,,,,,,,"{""record_id"":""radar_l11_t105"",""line_no"":11,""line_time_beijing"":""2026-04-14T12:46:35+08:00"",""obs_time_beijing"":""2026-04-14T20:46:31.069000+08:00"",""local_target_id"":""105"",""local_track_id"":""track_radar_105"",""global_identity"":null,""target_type"":""unknown"",""target_type_code"":0,""model"":null,""quality"":{""alarm_level"":0,""is_white_list"":false,""trusted_for_fusion"":true,""trust_reason"":null,""magic_ok"":true,""length_ok"":true,""snr"":4.2226948738098145,""confidence"":null,""similarity"":null,""report_count"":2.0}}"
loc_radar_l11_t105,空间位置,"位置:112.769416,28.129653,533m",radar,,,,,,,,112.76941576455656,28.129652791950715,533.3184204101562,,,,,"{""longitude"":112.76941576455657,""latitude"":28.129652791950715,""altitude_m"":533.3184204101562,""relative_height_m"":null,""distance_m"":4152.9521484375,""azimuth_deg"":299.4733581542969,""pitch_deg"":6.820932388305664}"
mot_radar_l11_t105,运动特征,运动:v=29.61m/s heading=84.7deg,radar,,,,,,,,,,,29.605262756347656,,,,"{""speed_mps"":29.605262756347656,""heading_deg"":84.71613311767578,""vx_mps"":2.2156505584716797,""vy_mps"":23.957324981689453,""vz_mps"":48.828819274902344,""ve_mps"":null,""vn_mps"":null,""vu_mps"":null,""vx"":null,""vy"":null,""physical_vx"":null,""physical_vy"":null,""move_direction"":null}"
tgt_radar_l11_t106,轨迹点,轨迹点:20:46:33 h=148m v=8.88m/s,radar,,11.0,2026-04-14T12:46:35+08:00,,106.0,,unknown,,,,,,,,"{""record_id"":""radar_l11_t106"",""line_no"":11,""line_time_beijing"":""2026-04-14T12:46:35+08:00"",""obs_time_beijing"":""2026-04-14T20:46:33.134000+08:00"",""local_target_id"":""106"",""local_track_id"":""track_radar_106"",""global_identity"":null,""target_type"":""unknown"",""target_type_code"":0,""model"":null,""quality"":{""alarm_level"":1,""is_white_list"":false,""trusted_for_fusion"":true,""trust_reason"":null,""magic_ok"":true,""length_ok"":true,""snr"":6.746506214141846,""confidence"":null,""similarity"":null,""report_count"":1.0}}"
loc_radar_l11_t106,空间位置,"位置:112.810391,28.103818,148m",radar,,,,,,,,112.81039090558892,28.103818108830705,147.70880126953125,,,,,"{""longitude"":112.81039090558893,""latitude"":28.103818108830705,""altitude_m"":147.70880126953125,""relative_height_m"":null,""distance_m"":912.4989624023438,""azimuth_deg"":154.0208282470703,""pitch_deg"":6.944199562072754}"
mot_radar_l11_t106,运动特征,运动:v=8.88m/s heading=-104.4deg,radar,,,,,,,,,,,8.88157844543457,,,,"{""speed_mps"":8.88157844543457,""heading_deg"":-104.3720703125,""vx_mps"":-3.804389238357544,""vy_mps"":-14.84715461730957,""vz_mps"":1.6336883306503296,""ve_mps"":null,""vn_mps"":null,""vu_mps"":null,""vx"":null,""vy"":null,""physical_vx"":null,""physical_vy"":null,""move_direction"":null}"
obs_radar_l13,观测帧,radar观测帧13,radar,,13.0,2026-04-14T12:46:36+08:00,,,,,,,,,,,,"{""line_no"":13,""line_time_beijing"":""2026-04-14T12:46:36+08:00"",""obs_time_beijing"":""2026-04-14T20:46:33.134000+08:00"",""obs_time_ms"":1776170793134,""record_type"":""target""}"
tw_20260414_124636,时间窗口,tw_20260414_124636,system,,,,,,,,,,,,,,,"{""time_window_id"":""tw_20260414_124636""}"
tgt_radar_l13_t29,轨迹点,轨迹点:20:44:07 h=753m v=7.40m/s,radar,,13.0,2026-04-14T12:46:36+08:00,,29.0,,bird,,,,,,,,"{""record_id"":""radar_l13_t29"",""line_no"":13,""line_time_beijing"":""2026-04-14T12:46:36+08:00"",""obs_time_beijing"":""2026-04-14T20:44:07.478000+08:00"",""local_target_id"":""29"",""local_track_id"":""track_radar_29"",""global_identity"":null,""target_type"":""bird"",""target_type_code"":5,""model"":null,""quality"":{""alarm_level"":0,""is_white_list"":false,""trusted_for_fusion"":true,""trust_reason"":null,""magic_ok"":true,""length_ok"":true,""snr"":3.5179624557495117,""confidence"":null,""similarity"":null,""report_count"":42.0}}"
loc_radar_l13_t29,空间位置,"位置:112.753956,28.125117,753m",radar,,,,,,,,112.75395568557032,28.125117469123783,752.89599609375,,,,,"{""longitude"":112.75395568557033,""latitude"":28.125117469123783,""altitude_m"":752.89599609375,""relative_height_m"":null,""distance_m"":5357.1318359375,""azimuth_deg"":286.72052001953125,""pitch_deg"":7.616097450256348}"
mot_radar_l13_t29,运动特征,运动:v=7.40m/s heading=15.6deg,radar,,,,,,,,,,,7.401315689086914,,,,"{""speed_mps"":7.401315689086914,""heading_deg"":15.6395263671875,""vx_mps"":1.2812283039093018,""vy_mps"":0.35867834091186523,""vz_mps"":-15.631917953491211,""ve_mps"":null,""vn_mps"":null,""vu_mps"":null,""vx"":null,""vy"":null,""physical_vx"":null,""physical_vy"":null,""move_direction"":null}"
tgt_radar_l13_t58,轨迹点,轨迹点:20:44:52 h=428m v=5.92m/s,radar,,13.0,2026-04-14T12:46:36+08:00,,58.0,,bird,,,,,,,,"{""record_id"":""radar_l13_t58"",""line_no"":13,""line_time_beijing"":""2026-04-14T12:46:36+08:00"",""obs_time_beijing"":""2026-04-14T20:44:52.828000+08:00"",""local_target_id"":""58"",""local_track_id"":""track_radar_58"",""global_identity"":null,""target_type"":""bird"",""target_type_code"":5,""model"":null,""quality"":{""alarm_level"":0,""is_white_list"":false,""trusted_for_fusion"":true,""trust_reason"":null,""magic_ok"":true,""length_ok"":true,""snr"":3.347337245941162,""confidence"":null,""similarity"":null,""report_count"":30.0}}"
loc_radar_l13_t58,空间位置,"位置:112.766216,28.126416,428m",radar,,,,,,,,112.76621567968914,28.126415953188182,428.1361999511719,,,,,"{""longitude"":112.76621567968914,""latitude"":28.126415953188182,""altitude_m"":428.1361999511719,""relative_height_m"":null,""distance_m"":4275.13330078125,""azimuth_deg"":293.2081298828125,""pitch_deg"":5.233209609985352}"
mot_radar_l13_t58,运动特征,运动:v=5.92m/s heading=-62.7deg,radar,,,,,,,,,,,5.9210524559021,,,,"{""speed_mps"":5.9210524559021,""heading_deg"":-62.670162200927734,""vx_mps"":3.379639148712158,""vy_mps"":-6.5395731925964355,""vz_mps"":-2.3243677616119385,""ve_mps"":null,""vn_mps"":null,""vu_mps"":null,""vx"":null,""vy"":null,""physical_vx"":null,""physical_vy"":null,""move_direction"":null}"
tgt_radar_l13_t71,轨迹点,轨迹点:20:45:23 h=176m v=2.96m/s,radar,,13.0,2026-04-14T12:46:36+08:00,,71.0,,bird,,,,,,,,"{""record_id"":""radar_l13_t71"",""line_no"":13,""line_time_beijing"":""2026-04-14T12:46:36+08:00"",""obs_time_beijing"":""2026-04-14T20:45:23.965000+08:00"",""local_target_id"":""71"",""local_track_id"":""track_radar_71"",""global_identity"":null,""target_type"":""bird"",""target_type_code"":5,""model"":null,""quality"":{""alarm_level"":1,""is_white_list"":false,""trusted_for_fusion"":true,""trust_reason"":null,""magic_ok"":true,""length_ok"":true,""snr"":3.909566879272461,""confidence"":null,""similarity"":null,""report_count"":21.0}}"
loc_radar_l13_t71,空间位置,"位置:112.793652,28.110375,176m",radar,,,,,,,,112.79365221378356,28.11037461192732,176.3963165283203,,,,,"{""longitude"":112.79365221378356,""latitude"":28.110374611927316,""altitude_m"":176.3963165283203,""relative_height_m"":null,""distance_m"":1244.337646484375,""azimuth_deg"":265.6849670410156,""pitch_deg"":6.411435604095459}"
mot_radar_l13_t71,运动特征,运动:v=2.96m/s heading=89.5deg,radar,,,,,,,,,,,2.96052622795105,,,,"{""speed_mps"":2.96052622795105,""heading_deg"":89.47651672363281,""vx_mps"":0.11179327964782715,""vy_mps"":12.235603332519531,""vz_mps"":-2.521488904953003,""ve_mps"":null,""vn_mps"":null,""vu_mps"":null,""vx"":null,""vy"":null,""physical_vx"":null,""physical_vy"":null,""move_direction"":null}"
tgt_radar_l13_t74,轨迹点,轨迹点:20:45:27 h=227m v=8.88m/s,radar,,13.0,2026-04-14T12:46:36+08:00,,74.0,,bird,,,,,,,,"{""record_id"":""radar_l13_t74"",""line_no"":13,""line_time_beijing"":""2026-04-14T12:46:36+08:00"",""obs_time_beijing"":""2026-04-14T20:45:27.490000+08:00"",""local_target_id"":""74"",""local_track_id"":""track_radar_74"",""global_identity"":null,""target_type"":""bird"",""target_type_code"":5,""model"":null,""quality"":{""alarm_level"":4,""is_white_list"":false,""trusted_for_fusion"":true,""trust_reason"":null,""magic_ok"":true,""length_ok"":true,""snr"":8.864205360412598,""confidence"":null,""similarity"":null,""report_count"":20.0}}"
loc_radar_l13_t74,空间位置,"位置:112.789704,28.106001,227m",radar,,,,,,,,112.78970352792558,28.106001090789054,227.1314239501953,,,,,"{""longitude"":112.78970352792558,""latitude"":28.106001090789054,""altitude_m"":227.1314239501953,""relative_height_m"":null,""distance_m"":1727.5306396484375,""azimuth_deg"":250.44357299804688,""pitch_deg"":6.294765949249268}"
mot_radar_l13_t74,运动特征,运动:v=8.88m/s heading=178.0deg,radar,,,,,,,,,,,8.88157844543457,,,,"{""speed_mps"":8.88157844543457,""heading_deg"":178.02236938476562,""vx_mps"":-7.591515064239502,""vy_mps"":0.26213502883911133,""vz_mps"":-0.0922856330871582,""ve_mps"":null,""vn_mps"":null,""vu_mps"":null,""vx"":null,""vy"":null,""physical_vx"":null,""physical_vy"":null,""move_direction"":null}"
tgt_radar_l13_t79,轨迹点,轨迹点:20:45:33 h=379m v=5.92m/s,radar,,13.0,2026-04-14T12:46:36+08:00,,79.0,,bird,,,,,,,,"{""record_id"":""radar_l13_t79"",""line_no"":13,""line_time_beijing"":""2026-04-14T12:46:36+08:00"",""obs_time_beijing"":""2026-04-14T20:45:33.972000+08:00"",""local_target_id"":""79"",""local_track_id"":""track_radar_79"",""global_identity"":null,""target_type"":""bird"",""target_type_code"":5,""model"":null,""quality"":{""alarm_level"":0,""is_white_list"":false,""trusted_for_fusion"":true,""trust_reason"":null,""magic_ok"":true,""length_ok"":true,""snr"":2.7565581798553467,""confidence"":null,""similarity"":null,""report_count"":18.0}}"
loc_radar_l13_t79,空间位置,"位置:112.805581,28.084232,379m",radar,,,,,,,,112.80558097290717,28.084232043022997,378.69964599609375,,,,,"{""longitude"":112.80558097290715,""latitude"":28.084232043022993,""altitude_m"":378.69964599609375,""relative_height_m"":null,""distance_m"":2991.74560546875,""azimuth_deg"":181.37388610839844,""pitch_deg"":6.523882865905762}"
mot_radar_l13_t79,运动特征,运动:v=5.92m/s heading=90.9deg,radar,,,,,,,,,,,5.9210524559021,,,,"{""speed_mps"":5.9210524559021,""heading_deg"":90.9087142944336,""vx_mps"":-0.12047195434570312,""vy_mps"":7.595340251922607,""vz_mps"":-12.25887393951416,""ve_mps"":null,""vn_mps"":null,""vu_mps"":null,""vx"":null,""vy"":null,""physical_vx"":null,""physical_vy"":null,""move_direction"":null}"
tgt_radar_l13_t80,轨迹点,轨迹点:20:45:33 h=192m v=5.92m/s,radar,,13.0,2026-04-14T12:46:36+08:00,,80.0,,bird,,,,,,,,"{""record_id"":""radar_l13_t80"",""line_no"":13,""line_time_beijing"":""2026-04-14T12:46:36+08:00"",""obs_time_beijing"":""2026-04-14T20:45:33.974000+08:00"",""local_target_id"":""80"",""local_track_id"":""track_radar_80"",""global_identity"":null,""target_type"":""bird"",""target_type_code"":5,""model"":null,""quality"":{""alarm_level"":0,""is_white_list"":false,""trusted_for_fusion"":true,""trust_reason"":null,""magic_ok"":true,""length_ok"":true,""snr"":1.7029637098312378,""confidence"":null,""similarity"":null,""report_count"":18.0}}"
loc_radar_l13_t80,空间位置,"位置:112.803836,28.073560,192m",radar,,,,,,,,112.80383611710285,28.073559956965536,192.1045684814453,,,,,"{""longitude"":112.80383611710285,""latitude"":28.073559956965536,""altitude_m"":192.1045684814453,""relative_height_m"":null,""distance_m"":4180.64892578125,""azimuth_deg"":183.32949829101562,""pitch_deg"":2.130618095397949}"
mot_radar_l13_t80,运动特征,运动:v=5.92m/s heading=166.0deg,radar,,,,,,,,,,,5.9210524559021,,,,"{""speed_mps"":5.9210524559021,""heading_deg"":165.980224609375,""vx_mps"":-7.391382217407227,""vy_mps"":1.8455886840820312,""vz_mps"":11.818397521972656,""ve_mps"":null,""vn_mps"":null,""vu_mps"":null,""vx"":null,""vy"":null,""physical_vx"":null,""physical_vy"":null,""move_direction"":null}"
tgt_radar_l13_t81,轨迹点,轨迹点:20:45:34 h=215m v=2.96m/s,radar,,13.0,2026-04-14T12:46:36+08:00,,81.0,,bird,,,,,,,,"{""record_id"":""radar_l13_t81"",""line_no"":13,""line_time_beijing"":""2026-04-14T12:46:36+08:00"",""obs_time_beijing"":""2026-04-14T20:45:34.091000+08:00"",""local_target_id"":""81"",""local_track_id"":""track_radar_81"",""global_identity"":null,""target_type"":""bird"",""target_type_code"":5,""model"":null,""quality"":{""alarm_level"":0,""is_white_list"":false,""trusted_for_fusion"":true,""trust_reason"":null,""magic_ok"":true,""length_ok"":true,""snr"":3.6111509799957275,""confidence"":null,""similarity"":null,""report_count"":18.0}}"
loc_radar_l13_t81,空间位置,"位置:112.798451,28.072138,215m",radar,,,,,,,,112.79845117997505,28.0721384329906,214.80706787109372,,,,,"{""longitude"":112.79845117997503,""latitude"":28.072138432990602,""altitude_m"":214.80706787109375,""relative_height_m"":null,""distance_m"":4399.15283203125,""azimuth_deg"":190.090576171875,""pitch_deg"":2.3201396465301514}"
mot_radar_l13_t81,运动特征,运动:v=2.96m/s heading=-175.7deg,radar,,,,,,,,,,,2.96052622795105,,,,"{""speed_mps"":2.96052622795105,""heading_deg"":-175.7158203125,""vx_mps"":-11.675411224365234,""vy_mps"":-0.8746366500854492,""vz_mps"":-5.3325514793396,""ve_mps"":null,""vn_mps"":null,""vu_mps"":null,""vx"":null,""vy"":null,""physical_vx"":null,""physical_vy"":null,""move_direction"":null}"
tgt_radar_l13_t87,轨迹点,轨迹点:20:45:48 h=297m v=14.80m/s,radar,,13.0,2026-04-14T12:46:36+08:00,,87.0,,bird,,,,,,,,"{""record_id"":""radar_l13_t87"",""line_no"":13,""line_time_beijing"":""2026-04-14T12:46:36+08:00"",""obs_time_beijing"":""2026-04-14T20:45:48.807000+08:00"",""local_target_id"":""87"",""local_track_id"":""track_radar_87"",""global_identity"":null,""target_type"":""bird"",""target_type_code"":5,""model"":null,""quality"":{""alarm_level"":1,""is_white_list"":false,""trusted_for_fusion"":true,""trust_reason"":null,""magic_ok"":true,""length_ok"":true,""snr"":19.694110870361328,""confidence"":null,""similarity"":null,""report_count"":14.0}}"
loc_radar_l13_t87,空间位置,"位置:112.793672,28.111904,297m",radar,,,,,,,,112.79367186182157,28.111904458380497,296.55377197265625,,,,,"{""longitude"":112.79367186182157,""latitude"":28.111904458380497,""altitude_m"":296.55377197265625,""relative_height_m"":null,""distance_m"":1241.1912841796875,""azimuth_deg"":273.5067138671875,""pitch_deg"":11.830312728881836}"
mot_radar_l13_t87,运动特征,运动:v=14.80m/s heading=3.2deg,radar,,,,,,,,,,,14.802631378173828,,,,"{""speed_mps"":14.802631378173828,""heading_deg"":3.1685659885406494,""vx_mps"":12.379359245300293,""vy_mps"":0.6853009462356567,""vz_mps"":0.38654598593711853,""ve_mps"":null,""vn_mps"":null,""vu_mps"":null,""vx"":null,""vy"":null,""physical_vx"":null,""physical_vy"":null,""move_direction"":null}"
tgt_radar_l13_t88,轨迹点,轨迹点:20:45:53 h=558m v=7.40m/s,radar,,13.0,2026-04-14T12:46:36+08:00,,88.0,,bird,,,,,,,,"{""record_id"":""radar_l13_t88"",""line_no"":13,""line_time_beijing"":""2026-04-14T12:46:36+08:00"",""obs_time_beijing"":""2026-04-14T20:45:53.204000+08:00"",""local_target_id"":""88"",""local_track_id"":""track_radar_88"",""global_identity"":null,""target_type"":""bird"",""target_type_code"":5,""model"":null,""quality"":{""alarm_level"":0,""is_white_list"":false,""trusted_for_fusion"":true,""trust_reason"":null,""magic_ok"":true,""length_ok"":true,""snr"":3.378905773162842,""confidence"":null,""similarity"":null,""report_count"":12.0}}"
loc_radar_l13_t88,空间位置,"位置:112.819534,28.177146,558m",radar,,,,,,,,112.81953367162744,28.177146093086865,557.6392211914062,,,,,"{""longitude"":112.81953367162745,""latitude"":28.177146093086865,""altitude_m"":557.6392211914062,""relative_height_m"":null,""distance_m"":7420.1142578125,""azimuth_deg"":10.050589561462402,""pitch_deg"":4.016937732696533}"
mot_radar_l13_t88,运动特征,运动:v=7.40m/s heading=-170.8deg,radar,,,,,,,,,,,7.401315689086914,,,,"{""speed_mps"":7.401315689086914,""heading_deg"":-170.76612854003906,""vx_mps"":-11.265832901000977,""vy_mps"":-1.831502079963684,""vz_mps"":17.090110778808594,""ve_mps"":null,""vn_mps"":null,""vu_mps"":null,""vx"":null,""vy"":null,""physical_vx"":null,""physical_vy"":null,""move_direction"":null}"
tgt_radar_l13_t89,轨迹点,轨迹点:20:45:53 h=377m v=5.92m/s,radar,,13.0,2026-04-14T12:46:36+08:00,,89.0,,bird,,,,,,,,"{""record_id"":""radar_l13_t89"",""line_no"":13,""line_time_beijing"":""2026-04-14T12:46:36+08:00"",""obs_time_beijing"":""2026-04-14T20:45:53.620000+08:00"",""local_target_id"":""89"",""local_track_id"":""track_radar_89"",""global_identity"":null,""target_type"":""bird"",""target_type_code"":5,""model"":null,""quality"":{""alarm_level"":1,""is_white_list"":false,""trusted_for_fusion"":true,""trust_reason"":null,""magic_ok"":true,""length_ok"":true,""snr"":9.019197463989258,""confidence"":null,""similarity"":null,""report_count"":13.0}}"
loc_radar_l13_t89,空间位置,"位置:112.813915,28.119653,377m",radar,,,,,,,,112.81391543583428,28.11965336152872,377.0982666015625,,,,,"{""longitude"":112.81391543583429,""latitude"":28.11965336152872,""altitude_m"":377.0982666015625,""relative_height_m"":null,""distance_m"":1195.2611083984375,""azimuth_deg"":38.5604362487793,""pitch_deg"":15.902180671691895}"
mot_radar_l13_t89,运动特征,运动:v=5.92m/s heading=52.1deg,radar,,,,,,,,,,,5.9210524559021,,,,"{""speed_mps"":5.9210524559021,""heading_deg"":52.118099212646484,""vx_mps"":8.507475852966309,""vy_mps"":10.93545913696289,""vz_mps"":2.107710123062134,""ve_mps"":null,""vn_mps"":null,""vu_mps"":null,""vx"":null,""vy"":null,""physical_vx"":null,""physical_vy"":null,""move_direction"":null}"
tgt_radar_l13_t94,轨迹点,轨迹点:20:46:07 h=116m v=5.92m/s,radar,,13.0,2026-04-14T12:46:36+08:00,,94.0,,bird,,,,,,,,"{""record_id"":""radar_l13_t94"",""line_no"":13,""line_time_beijing"":""2026-04-14T12:46:36+08:00"",""obs_time_beijing"":""2026-04-14T20:46:07.580000+08:00"",""local_target_id"":""94"",""local_track_id"":""track_radar_94"",""global_identity"":null,""target_type"":""bird"",""target_type_code"":5,""model"":null,""quality"":{""alarm_level"":1,""is_white_list"":false,""trusted_for_fusion"":true,""trust_reason"":null,""magic_ok"":true,""length_ok"":true,""snr"":6.029407501220703,""confidence"":null,""similarity"":null,""report_count"":9.0}}"
loc_radar_l13_t94,空间位置,"位置:112.814858,28.118803,116m",radar,,,,,,,,112.81485798845564,28.11880252075728,115.7370376586914,,,,,"{""longitude"":112.81485798845563,""latitude"":28.11880252075728,""altitude_m"":115.7370376586914,""relative_height_m"":null,""distance_m"":1186.3697509765625,""azimuth_deg"":44.9002799987793,""pitch_deg"":3.8177154064178467}"
mot_radar_l13_t94,运动特征,运动:v=5.92m/s heading=68.2deg,radar,,,,,,,,,,,5.9210524559021,,,,"{""speed_mps"":5.9210524559021,""heading_deg"":68.15204620361328,""vx_mps"":2.289665460586548,""vy_mps"":5.710705757141113,""vz_mps"":-0.1911427229642868,""ve_mps"":null,""vn_mps"":null,""vu_mps"":null,""vx"":null,""vy"":null,""physical_vx"":null,""physical_vy"":null,""move_direction"":null}"
tgt_radar_l13_t95,轨迹点,轨迹点:20:46:12 h=288m v=2.96m/s,radar,,13.0,2026-04-14T12:46:36+08:00,,95.0,,bird,,,,,,,,"{""record_id"":""radar_l13_t95"",""line_no"":13,""line_time_beijing"":""2026-04-14T12:46:36+08:00"",""obs_time_beijing"":""2026-04-14T20:46:12.236000+08:00"",""local_target_id"":""95"",""local_track_id"":""track_radar_95"",""global_identity"":null,""target_type"":""bird"",""target_type_code"":5,""model"":null,""quality"":{""alarm_level"":0,""is_white_list"":false,""trusted_for_fusion"":true,""trust_reason"":null,""magic_ok"":true,""length_ok"":true,""snr"":4.3420305252075195,""confidence"":null,""similarity"":null,""report_count"":6.0}}"
loc_radar_l13_t95,空间位置,"位置:112.821698,28.078460,288m",radar,,,,,,,,112.8216976945058,28.078459792271246,287.7716369628906,,,,,"{""longitude"":112.82169769450581,""latitude"":28.078459792271246,""altitude_m"":287.7716369628906,""relative_height_m"":null,""distance_m"":3931.326416015625,""azimuth_deg"":157.439697265625,""pitch_deg"":3.6560826301574707}"
mot_radar_l13_t95,运动特征,运动:v=2.96m/s heading=17.6deg,radar,,,,,,,,,,,2.96052622795105,,,,"{""speed_mps"":2.96052622795105,""heading_deg"":17.599267959594727,""vx_mps"":20.244775772094727,""vy_mps"":6.421736717224121,""vz_mps"":3.715238571166992,""ve_mps"":null,""vn_mps"":null,""vu_mps"":null,""vx"":null,""vy"":null,""physical_vx"":null,""physical_vy"":null,""move_direction"":null}"
tgt_radar_l13_t96,轨迹点,轨迹点:20:46:12 h=541m v=5.92m/s,radar,,13.0,2026-04-14T12:46:36+08:00,,96.0,,bird,,,,,,,,"{""record_id"":""radar_l13_t96"",""line_no"":13,""line_time_beijing"":""2026-04-14T12:46:36+08:00"",""obs_time_beijing"":""2026-04-14T20:46:12.349000+08:00"",""local_target_id"":""96"",""local_track_id"":""track_radar_96"",""global_identity"":null,""target_type"":""bird"",""target_type_code"":5,""model"":null,""quality"":{""alarm_level"":0,""is_white_list"":false,""trusted_for_fusion"":true,""trust_reason"":null,""magic_ok"":true,""length_ok"":true,""snr"":1.4172024726867676,""confidence"":null,""similarity"":null,""report_count"":7.0}}"
loc_radar_l13_t96,空间位置,"位置:112.796907,28.080429,541m",radar,,,,,,,,112.79690703686724,28.080428536366345,541.4061279296875,,,,,"{""longitude"":112.79690703686724,""latitude"":28.080428536366345,""altitude_m"":541.4061279296875,""relative_height_m"":null,""distance_m"":3534.7490234375,""azimuth_deg"":195.1210479736328,""pitch_deg"":8.128067970275879}"
mot_radar_l13_t96,运动特征,运动:v=5.92m/s heading=167.3deg,radar,,,,,,,,,,,5.9210524559021,,,,"{""speed_mps"":5.9210524559021,""heading_deg"":167.30213928222656,""vx_mps"":-47.711116790771484,""vy_mps"":10.750298500061035,""vz_mps"":17.836416244506836,""ve_mps"":null,""vn_mps"":null,""vu_mps"":null,""vx"":null,""vy"":null,""physical_vx"":null,""physical_vy"":null,""move_direction"":null}"
tgt_radar_l13_t97,轨迹点,轨迹点:20:46:12 h=355m v=4.44m/s,radar,,13.0,2026-04-14T12:46:36+08:00,,97.0,,bird,,,,,,,,"{""record_id"":""radar_l13_t97"",""line_no"":13,""line_time_beijing"":""2026-04-14T12:46:36+08:00"",""obs_time_beijing"":""2026-04-14T20:46:12.423000+08:00"",""local_target_id"":""97"",""local_track_id"":""track_radar_97"",""global_identity"":null,""target_type"":""bird"",""target_type_code"":5,""model"":null,""quality"":{""alarm_level"":0,""is_white_list"":false,""trusted_for_fusion"":true,""trust_reason"":null,""magic_ok"":true,""length_ok"":true,""snr"":2.6799068450927734,""confidence"":null,""similarity"":null,""report_count"":7.0}}"
loc_radar_l13_t97,空间位置,"位置:112.803527,28.077833,355m",radar,,,,,,,,112.80352696319,28.07783328600508,355.0693359375,,,,,"{""longitude"":112.80352696319,""latitude"":28.07783328600508,""altitude_m"":355.0693359375,""relative_height_m"":null,""distance_m"":3710.075439453125,""azimuth_deg"":184.22142028808594,""pitch_deg"":4.906648635864258}"
mot_radar_l13_t97,运动特征,运动:v=4.44m/s heading=-165.4deg,radar,,,,,,,,,,,4.440789222717285,,,,"{""speed_mps"":4.440789222717285,""heading_deg"":-165.43209838867188,""vx_mps"":-15.363794326782227,""vy_mps"":-3.9927804470062256,""vz_mps"":11.255501747131348,""ve_mps"":null,""vn_mps"":null,""vu_mps"":null,""vx"":null,""vy"":null,""physical_vx"":null,""physical_vy"":null,""move_direction"":null}"
tgt_radar_l13_t100,轨迹点,轨迹点:20:46:15 h=307m v=8.88m/s,radar,,13.0,2026-04-14T12:46:36+08:00,,100.0,,bird,,,,,,,,"{""record_id"":""radar_l13_t100"",""line_no"":13,""line_time_beijing"":""2026-04-14T12:46:36+08:00"",""obs_time_beijing"":""2026-04-14T20:46:15.411000+08:00"",""local_target_id"":""100"",""local_track_id"":""track_radar_100"",""global_identity"":null,""target_type"":""bird"",""target_type_code"":5,""model"":null,""quality"":{""alarm_level"":0,""is_white_list"":false,""trusted_for_fusion"":true,""trust_reason"":null,""magic_ok"":true,""length_ok"":true,""snr"":2.50291109085083,""confidence"":null,""similarity"":null,""report_count"":7.0}}"
loc_radar_l13_t100,空间位置,"位置:112.841638,28.085218,307m",radar,,,,,,,,112.84163784093606,28.085218009149106,307.2059936523437,,,,,"{""longitude"":112.84163784093606,""latitude"":28.085218009149102,""altitude_m"":307.20599365234375,""relative_height_m"":null,""distance_m"":4504.720703125,""azimuth_deg"":129.7602996826172,""pitch_deg"":3.438101053237915}"
mot_radar_l13_t100,运动特征,运动:v=8.88m/s heading=-17.9deg,radar,,,,,,,,,,,8.88157844543457,,,,"{""speed_mps"":8.88157844543457,""heading_deg"":-17.85060691833496,""vx_mps"":6.923851490020752,""vy_mps"":-2.2297534942626953,""vz_mps"":-2.7985520362854004,""ve_mps"":null,""vn_mps"":null,""vu_mps"":null,""vx"":null,""vy"":null,""physical_vx"":null,""physical_vy"":null,""move_direction"":null}"
tgt_radar_l13_t101,轨迹点,轨迹点:20:46:16 h=355m v=4.44m/s,radar,,13.0,2026-04-14T12:46:36+08:00,,101.0,,bird,,,,,,,,"{""record_id"":""radar_l13_t101"",""line_no"":13,""line_time_beijing"":""2026-04-14T12:46:36+08:00"",""obs_time_beijing"":""2026-04-14T20:46:16.107000+08:00"",""local_target_id"":""101"",""local_track_id"":""track_radar_101"",""global_identity"":null,""target_type"":""bird"",""target_type_code"":5,""model"":null,""quality"":{""alarm_level"":0,""is_white_list"":false,""trusted_for_fusion"":true,""trust_reason"":null,""magic_ok"":true,""length_ok"":true,""snr"":1.367743968963623,""confidence"":null,""similarity"":null,""report_count"":6.0}}"
loc_radar_l13_t101,空间位置,"位置:112.789730,28.063546,355m",radar,,,,,,,,112.78973018403492,28.06354632815172,354.574462890625,,,,,"{""longitude"":112.78973018403492,""latitude"":28.063546328151716,""altitude_m"":354.574462890625,""relative_height_m"":null,""distance_m"":5527.744140625,""azimuth_deg"":197.1056365966797,""pitch_deg"":3.2925283908843994}"
mot_radar_l13_t101,运动特征,运动:v=4.44m/s heading=-84.6deg,radar,,,,,,,,,,,4.440789222717285,,,,"{""speed_mps"":4.440789222717285,""heading_deg"":-84.57281494140625,""vx_mps"":0.15851736068725586,""vy_mps"":-1.6684894561767578,""vz_mps"":-0.8777377605438232,""ve_mps"":null,""vn_mps"":null,""vu_mps"":null,""vx"":null,""vy"":null,""physical_vx"":null,""physical_vy"":null,""move_direction"":null}"
tgt_radar_l13_t102,轨迹点,轨迹点:20:46:20 h=366m v=5.92m/s,radar,,13.0,2026-04-14T12:46:36+08:00,,102.0,,unknown,,,,,,,,"{""record_id"":""radar_l13_t102"",""line_no"":13,""line_time_beijing"":""2026-04-14T12:46:36+08:00"",""obs_time_beijing"":""2026-04-14T20:46:20.849000+08:00"",""local_target_id"":""102"",""local_track_id"":""track_radar_102"",""global_identity"":null,""target_type"":""unknown"",""target_type_code"":0,""model"":null,""quality"":{""alarm_level"":0,""is_white_list"":false,""trusted_for_fusion"":true,""trust_reason"":null,""magic_ok"":true,""length_ok"":true,""snr"":3.0805039405822754,""confidence"":null,""similarity"":null,""report_count"":5.0}}"
loc_radar_l13_t102,空间位置,"位置:112.784957,28.143507,366m",radar,,,,,,,,112.78495749393524,28.14350671777526,366.2921752929688,,,,,"{""longitude"":112.78495749393524,""latitude"":28.14350671777526,""altitude_m"":366.29217529296875,""relative_height_m"":null,""distance_m"":4145.123046875,""azimuth_deg"":329.684326171875,""pitch_deg"":4.547994136810303}"
mot_radar_l13_t102,运动特征,运动:v=5.92m/s heading=1.7deg,radar,,,,,,,,,,,5.9210524559021,,,,"{""speed_mps"":5.9210524559021,""heading_deg"":1.7011663913726807,""vx_mps"":27.267807006835938,""vy_mps"":0.8098452091217041,""vz_mps"":7.264419078826904,""ve_mps"":null,""vn_mps"":null,""vu_mps"":null,""vx"":null,""vy"":null,""physical_vx"":null,""physical_vy"":null,""move_direction"":null}"
tgt_radar_l13_t103,轨迹点,轨迹点:20:46:26 h=189m v=0.00m/s,radar,,13.0,2026-04-14T12:46:36+08:00,,103.0,,unknown,,,,,,,,"{""record_id"":""radar_l13_t103"",""line_no"":13,""line_time_beijing"":""2026-04-14T12:46:36+08:00"",""obs_time_beijing"":""2026-04-14T20:46:26.477000+08:00"",""local_target_id"":""103"",""local_track_id"":""track_radar_103"",""global_identity"":null,""target_type"":""unknown"",""target_type_code"":0,""model"":null,""quality"":{""alarm_level"":0,""is_white_list"":false,""trusted_for_fusion"":true,""trust_reason"":null,""magic_ok"":true,""length_ok"":true,""snr"":3.8267674446105957,""confidence"":null,""similarity"":null,""report_count"":4.0}}"
loc_radar_l13_t103,空间位置,"位置:112.809234,28.077979,189m",radar,,,,,,,,112.80923374559656,28.07797891355472,189.33221435546875,,,,,"{""longitude"":112.80923374559657,""latitude"":28.077978913554716,""altitude_m"":189.33221435546875,""relative_height_m"":null,""distance_m"":3694.984619140625,""azimuth_deg"":175.55502319335938,""pitch_deg"":2.367438316345215}"
mot_radar_l13_t103,运动特征,运动:v=0.00m/s heading=5.9deg,radar,,,,,,,,,,,0.0,,,,"{""speed_mps"":0.0,""heading_deg"":5.889992713928223,""vx_mps"":97.93373107910156,""vy_mps"":10.103178977966309,""vz_mps"":-1.8384215831756592,""ve_mps"":null,""vn_mps"":null,""vu_mps"":null,""vx"":null,""vy"":null,""physical_vx"":null,""physical_vy"":null,""move_direction"":null}"
tgt_radar_l13_t105,轨迹点,轨迹点:20:46:31 h=533m v=29.61m/s,radar,,13.0,2026-04-14T12:46:36+08:00,,105.0,,unknown,,,,,,,,"{""record_id"":""radar_l13_t105"",""line_no"":13,""line_time_beijing"":""2026-04-14T12:46:36+08:00"",""obs_time_beijing"":""2026-04-14T20:46:31.069000+08:00"",""local_target_id"":""105"",""local_track_id"":""track_radar_105"",""global_identity"":null,""target_type"":""unknown"",""target_type_code"":0,""model"":null,""quality"":{""alarm_level"":0,""is_white_list"":false,""trusted_for_fusion"":true,""trust_reason"":null,""magic_ok"":true,""length_ok"":true,""snr"":4.2226948738098145,""confidence"":null,""similarity"":null,""report_count"":2.0}}"
loc_radar_l13_t105,空间位置,"位置:112.769416,28.129653,533m",radar,,,,,,,,112.76941576455656,28.129652791950715,533.3184204101562,,,,,"{""longitude"":112.76941576455657,""latitude"":28.129652791950715,""altitude_m"":533.3184204101562,""relative_height_m"":null,""distance_m"":4152.9521484375,""azimuth_deg"":299.4733581542969,""pitch_deg"":6.820932388305664}"
mot_radar_l13_t105,运动特征,运动:v=29.61m/s heading=84.7deg,radar,,,,,,,,,,,29.605262756347656,,,,"{""speed_mps"":29.605262756347656,""heading_deg"":84.71613311767578,""vx_mps"":2.2156505584716797,""vy_mps"":23.957324981689453,""vz_mps"":48.828819274902344,""ve_mps"":null,""vn_mps"":null,""vu_mps"":null,""vx"":null,""vy"":null,""physical_vx"":null,""physical_vy"":null,""move_direction"":null}"
tgt_radar_l13_t106,轨迹点,轨迹点:20:46:33 h=147m v=8.88m/s,radar,,13.0,2026-04-14T12:46:36+08:00,,106.0,,unknown,,,,,,,,"{""record_id"":""radar_l13_t106"",""line_no"":13,""line_time_beijing"":""2026-04-14T12:46:36+08:00"",""obs_time_beijing"":""2026-04-14T20:46:33.134000+08:00"",""local_target_id"":""106"",""local_track_id"":""track_radar_106"",""global_identity"":null,""target_type"":""unknown"",""target_type_code"":0,""model"":null,""quality"":{""alarm_level"":1,""is_white_list"":false,""trusted_for_fusion"":true,""trust_reason"":null,""magic_ok"":true,""length_ok"":true,""snr"":9.192035675048828,""confidence"":null,""similarity"":null,""report_count"":2.0}}"
loc_radar_l13_t106,空间位置,"位置:112.810133,28.103481,147m",radar,,,,,,,,112.8101325413355,28.103481316340307,146.9373321533203,,,,,"{""longitude"":112.8101325413355,""latitude"":28.103481316340307,""altitude_m"":146.9373321533203,""relative_height_m"":null,""distance_m"":935.7783203125,""azimuth_deg"":156.41635131835938,""pitch_deg"":6.726490497589111}"
mot_radar_l13_t106,运动特征,运动:v=8.88m/s heading=-118.4deg,radar,,,,,,,,,,,8.88157844543457,,,,"{""speed_mps"":8.88157844543457,""heading_deg"":-118.38956451416016,""vx_mps"":-6.392882347106934,""vy_mps"":-11.828533172607422,""vz_mps"":0.3743715286254883,""ve_mps"":null,""vn_mps"":null,""vu_mps"":null,""vx"":null,""vy"":null,""physical_vx"":null,""physical_vy"":null,""move_direction"":null}"
obs_radar_l15,观测帧,radar观测帧15,radar,,15.0,2026-04-14T12:46:37+08:00,,,,,,,,,,,,"{""line_no"":15,""line_time_beijing"":""2026-04-14T12:46:37+08:00"",""obs_time_beijing"":""2026-04-14T20:46:33.134000+08:00"",""obs_time_ms"":1776170793134,""record_type"":""target""}"
tw_20260414_124637,时间窗口,tw_20260414_124637,system,,,,,,,,,,,,,,,"{""time_window_id"":""tw_20260414_124637""}"
tgt_radar_l15_t58,轨迹点,轨迹点:20:44:52 h=428m v=5.92m/s,radar,,15.0,2026-04-14T12:46:37+08:00,,58.0,,bird,,,,,,,,"{""record_id"":""radar_l15_t58"",""line_no"":15,""line_time_beijing"":""2026-04-14T12:46:37+08:00"",""obs_time_beijing"":""2026-04-14T20:44:52.828000+08:00"",""local_target_id"":""58"",""local_track_id"":""track_radar_58"",""global_identity"":null,""target_type"":""bird"",""target_type_code"":5,""model"":null,""quality"":{""alarm_level"":0,""is_white_list"":false,""trusted_for_fusion"":true,""trust_reason"":null,""magic_ok"":true,""length_ok"":true,""snr"":3.347337245941162,""confidence"":null,""similarity"":null,""report_count"":30.0}}"
loc_radar_l15_t58,空间位置,"位置:112.766216,28.126416,428m",radar,,,,,,,,112.76621567968914,28.126415953188182,428.1361999511719,,,,,"{""longitude"":112.76621567968914,""latitude"":28.126415953188182,""altitude_m"":428.1361999511719,""relative_height_m"":null,""distance_m"":4275.13330078125,""azimuth_deg"":293.2081298828125,""pitch_deg"":5.233209609985352}"
mot_radar_l15_t58,运动特征,运动:v=5.92m/s heading=-62.7deg,radar,,,,,,,,,,,5.9210524559021,,,,"{""speed_mps"":5.9210524559021,""heading_deg"":-62.670162200927734,""vx_mps"":3.379639148712158,""vy_mps"":-6.5395731925964355,""vz_mps"":-2.3243677616119385,""ve_mps"":null,""vn_mps"":null,""vu_mps"":null,""vx"":null,""vy"":null,""physical_vx"":null,""physical_vy"":null,""move_direction"":null}"
tgt_radar_l15_t71,轨迹点,轨迹点:20:45:23 h=228m v=5.92m/s,radar,,15.0,2026-04-14T12:46:37+08:00,,71.0,,bird,,,,,,,,"{""record_id"":""radar_l15_t71"",""line_no"":15,""line_time_beijing"":""2026-04-14T12:46:37+08:00"",""obs_time_beijing"":""2026-04-14T20:45:23.965000+08:00"",""local_target_id"":""71"",""local_track_id"":""track_radar_71"",""global_identity"":null,""target_type"":""bird"",""target_type_code"":5,""model"":null,""quality"":{""alarm_level"":1,""is_white_list"":false,""trusted_for_fusion"":true,""trust_reason"":null,""magic_ok"":true,""length_ok"":true,""snr"":8.960280418395996,""confidence"":null,""similarity"":null,""report_count"":22.0}}"
loc_radar_l15_t71,空间位置,"位置:112.793571,28.110675,228m",radar,,,,,,,,112.79357133866333,28.110674866432237,227.76454162597656,,,,,"{""longitude"":112.79357133866331,""latitude"":28.110674866432234,""altitude_m"":227.76454162597656,""relative_height_m"":null,""distance_m"":1250.1907958984375,""azimuth_deg"":267.2331848144531,""pitch_deg"":8.695005416870117}"
mot_radar_l15_t71,运动特征,运动:v=5.92m/s heading=86.1deg,radar,,,,,,,,,,,5.9210524559021,,,,"{""speed_mps"":5.9210524559021,""heading_deg"":86.06890869140625,""vx_mps"":0.8220122456550598,""vy_mps"":11.962053298950195,""vz_mps"":2.919736623764038,""ve_mps"":null,""vn_mps"":null,""vu_mps"":null,""vx"":null,""vy"":null,""physical_vx"":null,""physical_vy"":null,""move_direction"":null}"
tgt_radar_l15_t74,轨迹点,轨迹点:20:45:27 h=228m v=8.88m/s,radar,,15.0,2026-04-14T12:46:37+08:00,,74.0,,bird,,,,,,,,"{""record_id"":""radar_l15_t74"",""line_no"":15,""line_time_beijing"":""2026-04-14T12:46:37+08:00"",""obs_time_beijing"":""2026-04-14T20:45:27.490000+08:00"",""local_target_id"":""74"",""local_track_id"":""track_radar_74"",""global_identity"":null,""target_type"":""bird"",""target_type_code"":5,""model"":null,""quality"":{""alarm_level"":4,""is_white_list"":false,""trusted_for_fusion"":true,""trust_reason"":null,""magic_ok"":true,""length_ok"":true,""snr"":8.864205360412598,""confidence"":null,""similarity"":null,""report_count"":21.0}}"
loc_radar_l15_t74,空间位置,"位置:112.789332,28.105938,228m",radar,,,,,,,,112.78933243272915,28.10593818838877,227.58914184570312,,,,,"{""longitude"":112.78933243272915,""latitude"":28.10593818838877,""altitude_m"":227.58914184570312,""relative_height_m"":null,""distance_m"":1764.1453857421875,""azimuth_deg"":250.6258087158203,""pitch_deg"":6.179829120635986}"
mot_radar_l15_t74,运动特征,运动:v=8.88m/s heading=178.0deg,radar,,,,,,,,,,,8.88157844543457,,,,"{""speed_mps"":8.88157844543457,""heading_deg"":178.02236938476562,""vx_mps"":-7.591515064239502,""vy_mps"":0.26213502883911133,""vz_mps"":-0.0922856330871582,""ve_mps"":null,""vn_mps"":null,""vu_mps"":null,""vx"":null,""vy"":null,""physical_vx"":null,""physical_vy"":null,""move_direction"":null}"
tgt_radar_l15_t79,轨迹点,轨迹点:20:45:33 h=448m v=8.88m/s,radar,,15.0,2026-04-14T12:46:37+08:00,,79.0,,bird,,,,,,,,"{""record_id"":""radar_l15_t79"",""line_no"":15,""line_time_beijing"":""2026-04-14T12:46:37+08:00"",""obs_time_beijing"":""2026-04-14T20:45:33.972000+08:00"",""local_target_id"":""79"",""local_track_id"":""track_radar_79"",""global_identity"":null,""target_type"":""bird"",""target_type_code"":5,""model"":null,""quality"":{""alarm_level"":0,""is_white_list"":false,""trusted_for_fusion"":true,""trust_reason"":null,""magic_ok"":true,""length_ok"":true,""snr"":2.4267148971557617,""confidence"":null,""similarity"":null,""report_count"":19.0}}"
loc_radar_l15_t79,空间位置,"位置:112.806484,28.084627,448m",radar,,,,,,,,112.80648367713428,28.08462655914033,448.4988708496094,,,,,"{""longitude"":112.80648367713428,""latitude"":28.084626559140332,""altitude_m"":448.4988708496094,""relative_height_m"":null,""distance_m"":2947.2119140625,""azimuth_deg"":179.6741485595703,""pitch_deg"":7.956628799438477}"
mot_radar_l15_t79,运动特征,运动:v=8.88m/s heading=53.6deg,radar,,,,,,,,,,,8.88157844543457,,,,"{""speed_mps"":8.88157844543457,""heading_deg"":53.62694549560547,""vx_mps"":6.713695049285889,""vy_mps"":9.115206718444824,""vz_mps"":-1.6508817672729492,""ve_mps"":null,""vn_mps"":null,""vu_mps"":null,""vx"":null,""vy"":null,""physical_vx"":null,""physical_vy"":null,""move_direction"":null}"
tgt_radar_l15_t80,轨迹点,轨迹点:20:45:33 h=201m v=4.44m/s,radar,,15.0,2026-04-14T12:46:37+08:00,,80.0,,bird,,,,,,,,"{""record_id"":""radar_l15_t80"",""line_no"":15,""line_time_beijing"":""2026-04-14T12:46:37+08:00"",""obs_time_beijing"":""2026-04-14T20:45:33.974000+08:00"",""local_target_id"":""80"",""local_track_id"":""track_radar_80"",""global_identity"":null,""target_type"":""bird"",""target_type_code"":5,""model"":null,""quality"":{""alarm_level"":0,""is_white_list"":false,""trusted_for_fusion"":true,""trust_reason"":null,""magic_ok"":true,""length_ok"":true,""snr"":2.914670467376709,""confidence"":null,""similarity"":null,""report_count"":19.0}}"
loc_radar_l15_t80,空间位置,"位置:112.803317,28.073633,201m",radar,,,,,,,,112.80331735384053,28.073632940989345,201.0482177734375,,,,,"{""longitude"":112.80331735384053,""latitude"":28.073632940989345,""altitude_m"":201.0482177734375,""relative_height_m"":null,""distance_m"":4175.84130859375,""azimuth_deg"":184.03262329101562,""pitch_deg"":2.2556023597717285}"
mot_radar_l15_t80,运动特征,运动:v=4.44m/s heading=-175.6deg,radar,,,,,,,,,,,4.440789222717285,,,,"{""speed_mps"":4.440789222717285,""heading_deg"":-175.56546020507812,""vx_mps"":-6.382314205169678,""vy_mps"":-0.4949629306793213,""vz_mps"":7.101308822631836,""ve_mps"":null,""vn_mps"":null,""vu_mps"":null,""vx"":null,""vy"":null,""physical_vx"":null,""physical_vy"":null,""move_direction"":null}"
tgt_radar_l15_t81,轨迹点,轨迹点:20:45:34 h=222m v=2.96m/s,radar,,15.0,2026-04-14T12:46:37+08:00,,81.0,,bird,,,,,,,,"{""record_id"":""radar_l15_t81"",""line_no"":15,""line_time_beijing"":""2026-04-14T12:46:37+08:00"",""obs_time_beijing"":""2026-04-14T20:45:34.091000+08:00"",""local_target_id"":""81"",""local_track_id"":""track_radar_81"",""global_identity"":null,""target_type"":""bird"",""target_type_code"":5,""model"":null,""quality"":{""alarm_level"":0,""is_white_list"":false,""trusted_for_fusion"":true,""trust_reason"":null,""magic_ok"":true,""length_ok"":true,""snr"":3.6111509799957275,""confidence"":null,""similarity"":null,""report_count"":19.0}}"
loc_radar_l15_t81,空间位置,"位置:112.798293,28.072260,222m",radar,,,,,,,,112.79829258865736,28.072260062264345,221.64427185058597,,,,,"{""longitude"":112.79829258865735,""latitude"":28.072260062264345,""altitude_m"":221.64427185058594,""relative_height_m"":null,""distance_m"":4388.640625,""azimuth_deg"":190.32125854492188,""pitch_deg"":2.4148013591766357}"
mot_radar_l15_t81,运动特征,运动:v=2.96m/s heading=-175.7deg,radar,,,,,,,,,,,2.96052622795105,,,,"{""speed_mps"":2.96052622795105,""heading_deg"":-175.7158203125,""vx_mps"":-11.675411224365234,""vy_mps"":-0.8746366500854492,""vz_mps"":-5.3325514793396,""ve_mps"":null,""vn_mps"":null,""vu_mps"":null,""vx"":null,""vy"":null,""physical_vx"":null,""physical_vy"":null,""move_direction"":null}"
tgt_radar_l15_t87,轨迹点,轨迹点:20:45:48 h=294m v=14.80m/s,radar,,15.0,2026-04-14T12:46:37+08:00,,87.0,,bird,,,,,,,,"{""record_id"":""radar_l15_t87"",""line_no"":15,""line_time_beijing"":""2026-04-14T12:46:37+08:00"",""obs_time_beijing"":""2026-04-14T20:45:48.807000+08:00"",""local_target_id"":""87"",""local_track_id"":""track_radar_87"",""global_identity"":null,""target_type"":""bird"",""target_type_code"":5,""model"":null,""quality"":{""alarm_level"":1,""is_white_list"":false,""trusted_for_fusion"":true,""trust_reason"":null,""magic_ok"":true,""length_ok"":true,""snr"":19.694110870361328,""confidence"":null,""similarity"":null,""report_count"":15.0}}"
loc_radar_l15_t87,空间位置,"位置:112.794198,28.111924,294m",radar,,,,,,,,112.79419760454124,28.111924433780533,294.03973388671875,,,,,"{""longitude"":112.79419760454124,""latitude"":28.111924433780533,""altitude_m"":294.03973388671875,""relative_height_m"":null,""distance_m"":1189.9091796875,""azimuth_deg"":273.7646179199219,""pitch_deg"":12.20930290222168}"
mot_radar_l15_t87,运动特征,运动:v=14.80m/s heading=3.2deg,radar,,,,,,,,,,,14.802631378173828,,,,"{""speed_mps"":14.802631378173828,""heading_deg"":3.1685659885406494,""vx_mps"":12.379359245300293,""vy_mps"":0.6853009462356567,""vz_mps"":0.38654598593711853,""ve_mps"":null,""vn_mps"":null,""vu_mps"":null,""vx"":null,""vy"":null,""physical_vx"":null,""physical_vy"":null,""move_direction"":null}"
